<stallionsden>
<append xpath="/windows">
<window name="windowShopper"  width="645" height="688" panel="Left" controller="TraderWindow" cursor_area="true" >

		<panel name="header" height="43" depth="1" backgroundspritename="ui_game_panel_header">
			<sprite pos="4,-5" depth="2" name="windowIcon" style="icon32px" sprite="ui_game_symbol_map_trader"/>
			<label style="header.name" size="350,32"/>
			<label depth="2" pos="340,-8" width="300" height="28" text="{restocklabel}: {timeleft}" color="[lightGrey]" justify="right" visible="{showrestock}" />

			<label pos="600, -6" depth="2" name="availableMoney" width="64" height="32" text="{availablemoney}" font_size="32" color="[lightGrey]" justify="right" pivot="topright" visible="{isowner}"/>
			<sprite pos="638, -5" depth="2" name="coinIcon" style="icon32px" sprite="ui_game_symbol_coin" color="[lightGrey]" pivot="topright" visible="{isowner}"/>
		</panel>

		<panel name="content" width="100%" height="650" depth="1" pos="0,-43" on_scroll="true" disableautobackground="true">

			<rect depth="2" name="categorySelector" width="645" height="44" pos="3,-6">
				<sprite name="backgroundMain" sprite="menu_empty3px" pos="-3,3" width="645" height="49" color="[black]" type="sliced" fillcenter="false" />
				<sprite color="[mediumGrey]" type="sliced" width="639" />
				<grid name="categories" pos="2,-7" rows="1" cols="15" width="390" height="43" cell_width="43" cell_height="43" repeat_content="true" controller="CategoryList">
					<category_icon />
				</grid>
			</rect>

			<rect depth="3" name="searchControls" width="645" height="44" pos="3,-52">
				<sprite name="backgroundMain" sprite="menu_empty3px" pos="-3,3" width="645" height="49" color="[black]" type="sliced" fillcenter="false" />
				<sprite color="[darkGrey]" type="sliced" width="639" />

				<button depth="4" name="collect" style="icon30px, press" pos="22,-22" sprite="ui_game_symbol_coin" pivot="center" tooltip="COLLECT" tooltip_key="btnCollect" sound="[paging_click]" visible="{isownerorrentable}" />
				<button depth="4" name="takeAll" style="icon30px, press" pos="65,-22" sprite="ui_game_symbol_hand" pivot="center" tooltip="TAKE ALL" tooltip_key="btnTakeAll" sound="[paging_click]" visible="{isownerorrentable}" />
				<button depth="4" name="rent" style="icon30px, press" pos="108,-22" sprite="ui_game_symbol_vending" pivot="center" tooltip="BUY" tooltip_key="lblContextActionRent" sound="[paging_click]" visible="{isrentable|once}" />

				<label depth="5" pos="135,-8" width="180" height="28" text="{renttimeleft}" visible="{isrenter}" />

				<panel pos="334,0" width="200" disableautobackground="true">
					<sprite depth="4" name="searchIcon" style="icon30px" pos="0,-22" sprite="ui_game_symbol_search" pivot="center"/>
					<recipe_search depth="5" name="searchInput"/>
				</panel>

				<panel pos="516,0" width="104" height="43" disableautobackground="true">
					<button depth="4" name="pageDown" style="icon30px, press" pos="20,-22" sprite="ui_game_symbol_arrow_left" pivot="center" sound="[paging_click]"/>
					<rect depth="4" pos="37,-7" >
						<sprite name="background" style="icon30px" color="[black]" type="sliced" />
						<label depth="5" name="pageNumber" pos="0, -3" width="30" height="28" text="1" font_size="26" justify="center"/>
					</rect>
					<button depth="4" name="pageUp" style="icon30px, press" pos="84,-22" sprite="ui_game_symbol_arrow_right" pivot="center" sound="[paging_click]"/>
				</panel>
			</rect>

			<rect name="tableHeader" pos="2,-98" width="642" height="43">
				<sprite depth="1" name="background" color="[lightGrey]" type="sliced"/>

				<rect depth="1" width="416" height="40">
					<sprite depth="0" name="backgroundMain" sprite="menu_empty3px" pos="-2,3" width="421" height="46" color="[black]" type="sliced" fillcenter="false" />

					<sprite depth="1" pos="3,-3" style="icon32px, press, hover" sprite="ui_game_symbol_shopping_cart"/>
					<label depth="1" pos="40,-5" upper_case="true" text_key="xuiProductName" width="240"/>
				</rect>

				<rect depth="1" pos="419,0" width="120" height="40" >
					<sprite depth="0" name="backgroundMain" sprite="menu_empty3px" pos="-3,3" width="126" height="46" color="[black]" type="sliced" fillcenter="false" />

					<sprite depth="1" pos="3,-3" style="icon32px, press, hover" sprite="ui_game_symbol_diamond"/>
					<label depth="1" pos="40,-5" upper_case="true" text_key="xuiQuality" width="70"/>
				</rect>

				<rect depth="1" pos="542,0" width="97" height="40">
					<sprite depth="0" name="backgroundMain" sprite="menu_empty3px" pos="-3,3" width="104" height="46" color="[black]" type="sliced" fillcenter="false" />

					<sprite depth="1" pos="3,-3" style="icon32px, press, hover" sprite="ui_game_symbol_coin"/>
					<label depth="1" pos="40,-5" upper_case="true" text_key="xuiCost" width="55"/>
				</rect>

				<!-- <rect depth="1" pos="585,0" width="149" height="40">
					<sprite depth="0" name="backgroundMain" sprite="menu_empty3px" pos="-3,3" width="154" height="46" color="[black]" type="sliced" fillcenter="false" />

					<sprite depth="1" pos="3,-3" style="icon32px, press, hover" sprite="ui_game_symbol_check"/>
					<label depth="1" pos="42,-8" upper_case="true" text="Required" text_key="xuiRequired" width="100"/>
				</rect> -->
			</rect>

			<grid name="items" rows="13" cols="1" pos="3,-141" width="639" height="552" cell_width="390" cell_height="46" repeat_content="true" arrangement="vertical" controller="TraderItemList" >
				<trader_item name="0"/>
			</grid>
		</panel>
	</window>
</append>
</stallionsden>