<stallionsden>
<!-- removing the uncomment tags here will allow all items to be 30k
	<set xpath="/items/item/property[@name='Stacknumber' and not(@value='1')]/@value">30000</set>
	-->
	<set xpath="/items/item[starts-with(@name, 'ammoBundle')]/property[@name='Stacknumber']/@value">30000</set>
	<set xpath="/items/item[starts-with(@name, 'resource')]/property[@name='Stacknumber']/@value">30000</set>
		
	<set xpath="/items/item[@name='resourceRockSmall']/property[@name='Stacknumber']/@value">30000</set>
	<set xpath="/items/item[@name='resourceSnowBall']/property[@name='Stacknumber']/@value">30000</set>
	<set xpath="/items/item[@name='resourceAcid']/property[@name='Stacknumber']/@value">30000</set>
	<set xpath="/items/item[@name='resourceYuccaFibers']/property[@name='Stacknumber']/@value">30000</set>
	<set xpath="/items/item[@name='resourceWood']/property[@name='Stacknumber']/@value">30000</set>
	<set xpath="/items/item[@name='resourceCrushedSand']/property[@name='Stacknumber']/@value">30000</set>
	<set xpath="/items/item[@name='resourceBrokenGlass']/property[@name='Stacknumber']/@value">30000</set>
	<set xpath="/items/item[@name='resourceScrapIron']/property[@name='Stacknumber']/@value">30000</set>
	<set xpath="/items/item[@name='resourceForgedIron']/property[@name='Stacknumber']/@value">30000</set>
	<set xpath="/items/item[@name='resourceMetalPipe']/property[@name='Stacknumber']/@value">30000</set>
	<set xpath="/items/item[@name='resourceForgedSteel']/property[@name='Stacknumber']/@value">30000</set>
	<set xpath="/items/item[@name='resourceScrapPolymers']/property[@name='Stacknumber']/@value">30000</set>
	<set xpath="/items/item[@name='resourceSewingKit']/property[@name='Stacknumber']/@value">30000</set>	
	<set xpath="/items/item[@name='resourceOilShale']/property[@name='Stacknumber']/@value">30000</set>
	<set xpath="/items/item[@name='resourceBone']/property[@name='Stacknumber']/@value">30000</set>
	<set xpath="/items/item[@name='resourceLeather']/property[@name='Stacknumber']/@value">30000</set>
	<set xpath="/items/item[@name='resourceAnimalFat']/property[@name='Stacknumber']/@value">30000</set>
	<set xpath="/items/item[@name='resourceTestosteroneExtract']/property[@name='Stacknumber']/@value">30000</set>
	<set xpath="/items/item[@name='resourceCropHopsFlower']/property[@name='Stacknumber']/@value">30000</set>
	<set xpath="/items/item[@name='resourceCropAloeLeaf']/property[@name='Stacknumber']/@value">30000</set>
	<set xpath="/items/item[@name='resourceCropChrysanthemumPlant']/property[@name='Stacknumber']/@value">30000</set>
	<set xpath="/items/item[@name='resourceCropCottonPlant']/property[@name='Stacknumber']/@value">30000</set>
	<set xpath="/items/item[@name='resourceCropGoldenrodPlant']/property[@name='Stacknumber']/@value">30000</set>
	<set xpath="/items/item[@name='resourceCropCoffeeBeans']/property[@name='Stacknumber']/@value">30000</set>	
	<set xpath="/items/item[@name='resourceScrapBrass']/property[@name='Stacknumber']/@value">30000</set>
	<set xpath="/items/item[@name='resourceScrapLead']/property[@name='Stacknumber']/@value">30000</set>
	<set xpath="/items/item[@name='resourceClayLump']/property[@name='Stacknumber']/@value">30000</set>
	<set xpath="/items/item[@name='resourceCobblestones']/property[@name='Stacknumber']/@value">30000</set>
	<set xpath="/items/item[@name='resourceCement']/property[@name='Stacknumber']/@value">30000</set>
	<set xpath="/items/item[@name='resourceConcreteMix']/property[@name='Stacknumber']/@value">30000</set>	
	<set xpath="/items/item[@name='resourceCloth']/property[@name='Stacknumber']/@value">30000</set>
	<set xpath="/items/item[@name='resourcePaper']/property[@name='Stacknumber']/@value">30000</set>
	<set xpath="/items/item[@name='resourceMilitaryFiber']/property[@name='Stacknumber']/@value">30000</set>
	<set xpath="/items/item[@name='resourceElectricParts']/property[@name='Stacknumber']/@value">30000</set>
	<set xpath="/items/item[@name='resourceElectronicParts']/property[@name='Stacknumber']/@value">30000</set>
	<set xpath="/items/item[@name='resourceMechanicalParts']/property[@name='Stacknumber']/@value">30000</set>
	<set xpath="/items/item[@name='resourceFeather']/property[@name='Stacknumber']/@value">30000</set>
	<set xpath="/items/item[@name='resourceArrowHeadIron']/property[@name='Stacknumber']/@value">30000</set>
	<set xpath="/items/item[@name='resourceArrowHeadSteelAP']/property[@name='Stacknumber']/@value">30000</set>
	<set xpath="/items/item[@name='resourceCoal']/property[@name='Stacknumber']/@value">30000</set>
	<set xpath="/items/item[@name='resourcePotassiumNitratePowder']/property[@name='Stacknumber']/@value">30000</set>
	<set xpath="/items/item[@name='resourceGunPowder']/property[@name='Stacknumber']/@value">30000</set>
	<set xpath="/items/item[@name='resourceBuckshot']/property[@name='Stacknumber']/@value">30000</set>
	<set xpath="/items/item[@name='resourceBulletCasing']/property[@name='Stacknumber']/@value">30000</set>
	<set xpath="/items/item[@name='resourceBulletTip']/property[@name='Stacknumber']/@value">30000</set>
	<set xpath="/items/item[@name='resourceNail']/property[@name='Stacknumber']/@value">30000</set>	
	<set xpath="/items/item[@name='resourceRocketTip']/property[@name='Stacknumber']/@value">30000</set>
	<set xpath="/items/item[@name='resourceRocketCasing']/property[@name='Stacknumber']/@value">30000</set>
	<set xpath="/items/item[@name='resourceRepairKit']/property[@name='Stacknumber']/@value">30000</set>
	<set xpath="/items/item[@name='resourceOil']/property[@name='Stacknumber']/@value">30000</set>
	<set xpath="/items/item[@name='resourcePaint']/property[@name='Stacknumber']/@value">30000</set>
	<set xpath="/items/item[@name='resourceHubcap']/property[@name='Stacknumber']/@value">30000</set>
	<set xpath="/items/item[@name='resourceAirFilter']/property[@name='Stacknumber']/@value">30000</set>
	<set xpath="/items/item[@name='resourceCandyTin']/property[@name='Stacknumber']/@value">30000</set>
	<set xpath="/items/item[@name='resourceDoorKnob']/property[@name='Stacknumber']/@value">30000</set>
	<set xpath="/items/item[@name='resourceCandleStick']/property[@name='Stacknumber']/@value">30000</set>
	<set xpath="/items/item[@name='resourceRadiator']/property[@name='Stacknumber']/@value">30000</set>
	<set xpath="/items/item[@name='resourceFishingWeight']/property[@name='Stacknumber']/@value">30000</set>
	<set xpath="/items/item[@name='resourceTrophy1']/property[@name='Stacknumber']/@value">30000</set>
	<set xpath="/items/item[@name='resourceTrophy2']/property[@name='Stacknumber']/@value">30000</set>
	<set xpath="/items/item[@name='resourceSilverNugget']/property[@name='Stacknumber']/@value">30000</set>
	
	
	<append xpath="/items/item[@name='resourceCropSnowberryPlant']">
	<property name="Stacknumber" value="30000"/>
	</append>
	<append xpath="/items/item[@name='resourceInsulator']">
	<property name="Stacknumber" value="30000"/>
	</append>
	<append xpath="/items/item[@name='resourceGoldNugget']">
	<property name="Stacknumber" value="30000"/>
	</append>
	<append xpath="/items/item[@name='resourceRawDiamond']">
	<property name="Stacknumber" value="30000"/>
	</append>

</stallionsden>