<stallionsden>
	<append xpath="/blocks">
<!-- Survival Backpacks Start -->
<block name="Survivor's Pack1 (Locked)">
    <property name="CustomIcon" value="cntDuffle01" />
	<property name="DescriptionKey" value="Survivor's Pack1 (Locked)Desc"/>
   <property name="Material" value="Mcloth"/>
	<property name="LightOpacity" value="0"/>
	<property name="StabilitySupport" value="false"/> <!-- build restriction -->
	<property name="Shape" value="Ext3dModel"/> <property name="Texture" value="293"/>
	<property name="Shape" value="ModelEntity"/>
	<!--<property name="Mesh" value="models"/>-->
	<property name="Model" value="#Entities/LootContainers?backpack01Prefab.prefab"/>
	<property name="IsTerrainDecoration" value="true"/>
    <property name="DowngradeBlock" value="Survivor's Pack1" />
    <property name="Place" value="TowardsPlacer" />
    <drop event="Destroy" count="0" />
 </block>
 
<block name="Survivor's Pack1">
    <property name="Extends" value="Survivor's Pack1 (Locked)" param1="DowngradeBlock" />
	<property name="DescriptionKey" value="Survivor's Pack1Desc"/>
    <property name="Class" value="Loot" />
    <property name="LootList" value="221" />
    <drop event="Destroy" count="0" />
 </block> 
 
 <block name="Survivor's Pack2 (Locked)">
    <property name="CustomIcon" value="cntDuffle01" />
	<property name="DescriptionKey" value="Survivor's Pack2 (Locked)Desc"/>
    <property name="Material" value="Mcloth"/>
	<property name="LightOpacity" value="0"/>
	<property name="StabilitySupport" value="false"/> <!-- build restriction -->
	<property name="Shape" value="Ext3dModel"/> <property name="Texture" value="293"/>
	<property name="Shape" value="ModelEntity"/>
	<!--<property name="Mesh" value="models"/>-->
	<property name="Model" value="#Entities/LootContainers?backpack01Prefab.prefab"/>
	<property name="IsTerrainDecoration" value="true"/>
    <property name="DowngradeBlock" value="Survivor's Pack2" />
    <property name="Place" value="TowardsPlacer" />
    <drop event="Destroy" count="0" />
 </block>
 
<block name="Survivor's Pack2">
    <property name="Extends" value="Survivor's Pack2 (Locked)" param1="DowngradeBlock" />
	<property name="DescriptionKey" value="Survivor's Pack2Desc"/>
    <property name="Class" value="Loot" />
    <property name="LootList" value="222" />
    <drop event="Destroy" count="0" />
 </block> 
 
 <block name="Survivor's Pack3 (Locked)">
    <property name="CustomIcon" value="cntDuffle01" />
	<property name="DescriptionKey" value="Survivor's Pack3 (Locked)Desc"/>
    <property name="Material" value="Mcloth"/>
	<property name="LightOpacity" value="0"/>
	<property name="StabilitySupport" value="false"/> <!-- build restriction -->
	<property name="Shape" value="Ext3dModel"/> <property name="Texture" value="293"/>
	<property name="Shape" value="ModelEntity"/>
	<!--<property name="Mesh" value="models"/>-->
	<property name="Model" value="#Entities/LootContainers?backpack01Prefab.prefab"/>
	<property name="IsTerrainDecoration" value="true"/>
    <property name="DowngradeBlock" value="Survivor's Pack3" />
    <property name="Place" value="TowardsPlacer" />
    <drop event="Destroy" count="0" />
 </block>
 
<block name="Survivor's Pack3">
    <property name="Extends" value="Survivor's Pack3 (Locked)" param1="DowngradeBlock" />
	<property name="DescriptionKey" value="Survivor's Pack3Desc"/>
    <property name="Class" value="Loot" />
    <property name="LootList" value="223" />
    <drop event="Destroy" count="0" />
 </block> 

<!-- Survival Backpacks End -->

</append>
</stallionsden>