<stallionsden>
<append xpath="/blocks">
<block name="CandyTinMine">
	<property name="Class" value="Mine"/> <!-- a mine destroyed by an *explosion* only has a 33% chance to detonate -->
	<property name="Tags" value="Mine"/>
	<property name="ItemTypeIcon" value="explosion"/>
	<property name="Material" value="MLandMine"/>
	<property name="Shape" value="Ext3dModel"/> <property name="Texture" value="293"/>
	<property name="Mesh" value="models"/>
	<property name="Model" value="Traps/trap_mine_tin" param1="main_mesh"/>
	<property name="IsTerrainDecoration" value="true"/>
	<property name="Collide" value="movement,melee,bullet,arrow,rocket"/>
	<property name="Stacknumber" value="25"/> <!-- STK explosives -->
	<property name="MaxDamage" value="4"/>
	<property name="TriggerDelay" value="0.5"/>
	<property name="TriggerSound" value="landmine_trigger"/>
	<property name="Explosion.ParticleIndex" value="1"/>
	<property name="Explosion.RadiusEntities" value="4"/>
	<property name="Explosion.EntityDamage" value="276"/> <!-- damage for entities in the center of the explosion. -->
	<property name="CanPickup" value="false"/>
	<!-- <property name="DropScale" value="3"/>  SUPPOSEDLY works (again) but since all blocks use the bag as a drop mesh by default...
	it  won't do anything interesting unless a specific drop mesh is declared. -->
	<drop event="Destroy" count="0"/>
	<property name="Group" value="Tools/Traps"/>
	<property name="EconomicValue" value="97"/>
	<property name="FilterTags" value="fdecor,ftraps"/>
	<property name="SortOrder1" value="70g0"/>
</block>

<block name="ScrapIronPlateMine">
	<property name="CustomIcon" value="rScrapIronPlate"/>
	<property name="Class" value="Mine"/>
	<property name="Tags" value="Mine"/>
	<property name="ItemTypeIcon" value="explosion"/>
	<property name="UnlockedBy" value="perkYeahScience"/>
	<property name="Material" value="MLandMine"/>
	<property name="StabilitySupport" value="false"/> <!-- build restriction -->
	<property name="Shape" value="New"/>
	<property name="Model" value="Plate"/>
	<property name="Texture" value="352"/>
	<property name="Stacknumber" value="25"/> <!-- STK explosives -->
	<property name="MaxDamage" value="4"/>
	<property name="TriggerDelay" value="0.5"/>
	<property name="TriggerSound" value="landmine_trigger"/>
	<property name="Explosion.ParticleIndex" value="1"/>
	<property name="Explosion.RadiusEntities" value="3"/>
	<property name="Explosion.EntityDamage" value="276"/> <!-- damage for entities in the center of the explosion.  -->
	<property name="CanPickup" value="false"/>
	<drop event="Destroy" count="0"/>
	<property name="Group" value="Tools/Traps"/>
	<property name="EconomicValue" value="115"/>
	<property name="FilterTags" value="fdecor,ftraps"/>
	<property name="SortOrder1" value="70g0"/>
</block>

<block name="CookingPotMine">
	<property name="Extends" value="mineCandyTin"/>
	<property name="CustomIcon" value="toolCookingPot"/> <property name="CustomIconTint" value="ffb0b0"/>
	<property name="Model" value="CampingGear/cooking_pot" param1="main_mesh"/>
	<property name="Collide" value="melee,bullet,arrow,rocket"/>
	<!--<property name="UnlockedBy" value="perkYeahScience"/>-->
	<property name="Stacknumber" value="25"/> <!-- STK explosives -->
	<property name="Explosion.RadiusEntities" value="3"/>
	<property name="Explosion.EntityDamage" value="300"/>
	<property name="CanPickup" value="true" param1="toolCookingPot"/>
	<property name="EconomicValue" value="120"/>
</block>

<block name="HubcapMine">
	<property name="Extends" value="mineCandyTin"/>
	<property name="Model" value="Traps/trap_mine_hubcap" param1="main_mesh"/>
	<property name="Stacknumber" value="20"/> <!-- STK explosives -->
	<!--<property name="UnlockedBy" value="perkYeahScience"/>-->
	<property name="MaxDamage" value="5"/>
	<property name="Explosion.RadiusEntities" value="5"/>
	<property name="Explosion.EntityDamage" value="450"/>
	<property name="EconomicValue" value="146"/>
</block>

<block name="AirFilterMine">
	<property name="Extends" value="mineCandyTin"/>
	<property name="Model" value="Traps/trap_mine_filter" param1="main_mesh"/>
	<property name="Stacknumber" value="10"/> <!-- STK explosives -->
	<property name="MaxDamage" value="6"/>
	<!--<property name="UnlockedBy" value="perkYeahScience"/>-->
	<property name="Explosion.RadiusEntities" value="5"/>
	<property name="Explosion.EntityDamage" value="690"/>
	<property name="EconomicValue" value="182"/>
</block>
</append>
</stallionsden>