<stallionsden>
<insertAfter xpath="/entity_classes/entity_class[@name='npcTraderTest']" >
<!-- TIMID ANIMALS -->
<entity_class name="petsTemplate">
	<property name="Tags" value="entity,animal"/>
	<property name="HideInSpawnMenu" value="true"/>
	<property name="Mesh" value="Animals/Stag/STAG"/>
	<property name="ModelType" value="Standard"/>
	<property name="Prefab" value="NPC"/>
	<property name="Class" value="EntityAnimalStag"/>
	<property name="Parent" value="Animals"/>
	<property name="IsAnimalEntity" value="true"/>
	<property name="IsEnemyEntity" value="false"/> <!-- Set this if you want this entity to be spawned when user chooses 'enemy entities off' -->
	<property name="Faction" value="animals"/>
	<property name="CompassIcon" value="ui_game_symbol_enemy_dot" />
	<property name="CompassUpIcon" value="ui_game_symbol_enemy_dot_up" />
	<property name="CompassDownIcon" value="ui_game_symbol_enemy_dot_down" />
	<property name="TrackerIcon" value="ui_game_symbol_animal_tracker"/>
	<property name="AvatarController" value="GameObjectAnimalAnimation"/>
	<property name="RotateToGround" value="true"/>
	<property name="PhysicsBody" value="Stag"/>
	<property name="Mass" value="40"/>
	<property name="Weight" value="70"/>
	<property name="LookAtAngle" value="50"/>
	
	<property name="SurfaceCategory" value="organic"/>
	<property name="ParticleOnDeath" value="blood_death"/>
	<property name="SoundHurt" value="Animals/stagpain"/>
	<property name="SoundDeath" value="Animals/stagdeath"/>	
	
	<property name="AIPathCostScale" value="100, 100"/>
	<property name="AITask-1" value="Territorial"/>
	<property name="AITask-2" value="ApproachAndAttackTarget" data="class=EntityEnemy,30,EntityEnemyAnimal,30,EntityZombie,30,EntityZombieCop,30,EntityVulture,30,EntityZombieDog,30"/>
	<property name="AITask-3" value="Look"/>
	<property name="AITask-4" value="ApproachSpot"/>
	<property name="AITask-5" value="Wander"/>
	<!--<property name="AITask-6" value="Follow" param1="EntityPlayer" />-->
	<property name="AITarget-1" value="SetNearestEntityAsTarget" data="class=EntityEnemy,14,9,EntityEnemyAnimal,0,0,EntityZombie,0,5,EntityZombieCop,0,5,EntityVulture,0,5,EntityZombieDog,0,5"/>
	<property name="AITarget-2" value="SetAsTargetIfHurt"/>
	<property name="AITarget-3" value="BlockIf" data="condition=alert e 0"/>
	<property name="AITarget-4" value="BlockingTargetTask" />
	
	<!-- Stealth settings -->
	<property name="MaxViewAngle" value="180"/>
	<property name="SightRange" value="50"/> <!-- distance in m -->
	<property name="SightLightThreshold" value="-2,150"/>

	<property name="SleeperWakeupSightDetectionMin" value="-40,5"/> <!-- Indiv.Random. sight capability - "I see you" light value at point blank -->
	<property name="SleeperWakeupSightDetectionMax" value="340,480"/> <!-- Indiv.Random. "I see you" light value at "SightRange" -->
	<property name="SleeperSenseSightDetectionMin" value="-10,0"/> <!-- same for groaning, not waking -->
	<property name="SleeperSenseSightDetectionMax" value="200,300"/>

	<property name="SleeperNoiseSenseThreshold" value="3,8"/> <!-- Indiv.Random. hearing capability - "I hear something" noise value -->
	<property name="SleeperNoiseWakeThreshold" value="9,12"/>

	<property name="SleeperSmellSenseThreshold" value="20,50"/> <!-- Indiv.Random. smell capability - "I smell something" player smell value -->
	<property name="SoundSleeperSenseChance" value=".5"/> <!-- the chance to play "SoundSleeperSense" when "SleeperSmellSenseThreshold" is triggered -->

	<!-- Gameplay -->
	<property name="PainResistPerHit" value=".6"/>
	<property name="MaxTurnSpeed" value="420"/>
	<property name="MoveSpeed" value="0.7"/>
	<property name="MoveSpeedPanic" value="1.6"/>
	<property name="SwimSpeed" value="1.2"/>
	<property name="SwimStrokeRate" value="1.6,1.7"/>
	<property name="CanClimbLadders" value="false"/>
	
	<property name="ExperienceGain" value="327"/>
	<!-- <property name="CorpseBlock" value="goreBlockAnimal"/><property name="CorpseBlockChance" value="0"/> -->
	<property name="TimeStayAfterDeath" value="300"/>
	<property name="DeadBodyHitPoints" value="350"/>
	
	<property name="NavObject" value="animaltracking_pets" />
	
	<effect_group name="Base Effects">
		<passive_effect name="HealthMax" operation="base_set" value="50"/>
		<passive_effect name="HealthMax" operation="perc_add" value="0"/> <!-- Animal HP scale -->
	</effect_group>
</entity_class>
</insertAfter>
<insertAfter xpath="/entity_classes/entity_class[@name='petsTemplate']" >
<entity_class name="Buck" extends="petsTemplate">
	<property name="Tags" value="entity,animal,deer,perkAT2,perkAT3,perkAT4,perkAT5"/>
	<property name="MapIcon" value="ui_game_symbol_tracking_deer"/>
	<property name="TrackerIcon" value="ui_game_symbol_tracking_deer"/>
	<property name="AvatarController" value="AvatarAnimalController"/>
	<property name="ModelType" value="Standard"/>
	<property name="Prefab" value="/Entities/Animals/Deer/animalDeerStagRagdoll"/>
	<property name="Mesh" value=""/>
	<property name="Parent" value="Animals"/>
	<property name="HasDeathAnim" value="true"/>
	<property name="HasRagdoll" value="true"/>
	<property name="RootMotion" value="true"/>
	<property name="RotateToGround" value="true"/>
	<property name="IsEntityAnimal" value="true"/>
	<property name="IsEnemyEntity" value="false"/>
	<property name="Faction" value="animals"/>
	<property name="PhysicsBody" value="Doe"/>
	<property name="Mass" value="160"/>
	<property name="Weight" value="90"/>
	<property name="SurfaceCategory" value="organic"/>
	<property name="ParticleOnDeath" value="blood_death"/>
	<property name="SoundHurt" value="Animals/stagpain"/>
	<property name="SoundDeath" value="Animals/stagdeath"/>
	<property name="SightRange" value="50"/>
	<property name="HandItem" value="meleeHandAnimalhandBuck" />
	<!-- Gameplay -->
	<property name="PainResistPerHit" value=".75"/>
	<property name="MaxTurnSpeed" value="220"/>
	<property name="MoveSpeedPanic" value="1.6"/>
	<property name="ExperienceGain" value="245"/>
	<property name="TimeStayAfterDeath" value="300"/>
	
	<drop event="Harvest" name="foodRawMeat" count="0" tool_category="Butcher"/> <!-- this triggers the special harvesting animation like on the knife -->
	<drop event="Harvest" name="foodRawMeat" tag="butcherHarvest" count="30"/> <!-- animalStag -->
	<drop event="Harvest" name="resourceLeather" tag="butcherHarvest" count="9"/>
	<drop event="Harvest" name="resourceAnimalFat" tag="butcherHarvest" count="3"/>
	<drop event="Harvest" name="resourceBone" tag="butcherHarvest" count="25"/>
	<drop event="Harvest" name="resourceBone" tag="allToolsHarvest" count="7"/>
	<drop event="Harvest" name="foodRawMeat" count="1" tag="WasteTreasuresCompleteHarvest"/>
	<drop event="Harvest" name="resourceLeather" count="1" tag="WasteTreasuresCompleteHarvest"/>
	<drop event="Harvest" name="resourceBone" count="1" tag="WasteTreasuresCompleteHarvest"/>
	<effect_group name="Base Effects">
		<passive_effect name="HealthMax" operation="base_set" value="100"/>
		<passive_effect name="HealthMax" operation="perc_add" value="0"/> <!-- Animal HP scale -->
	</effect_group>
	<property name="NavObject" value="animaltracking_buck" />
</entity_class>
</insertAfter>
<insertAfter xpath="/entity_classes/entity_class[@name='Buck']" >
<entity_class name="Bambi" extends="Buck">
	<property name="Prefab" value="/Entities/Animals/Deer/animalDeerDoeRagdoll"/>
	<property name="Mass" value="90"/>
	<property name="HandItem" value="meleeHandAnimalBambi" />
	<!-- Gameplay -->
	<drop event="Harvest" name="foodRawMeat" count="0" tool_category="Butcher"/>
	<drop event="Harvest" name="foodRawMeat" tag="butcherHarvest" count="20"/> <!-- animalStag -->
	<drop event="Harvest" name="resourceLeather" tag="butcherHarvest" count="6"/>
	<drop event="Harvest" name="resourceAnimalFat" tag="butcherHarvest" count="2"/>
	<drop event="Harvest" name="resourceBone" tag="butcherHarvest" count="15"/>
	<drop event="Harvest" name="resourceBone" tag="allToolsHarvest" count="5"/>
	<drop event="Harvest" name="foodRawMeat" count="1" tag="WasteTreasuresCompleteHarvest"/>
	<drop event="Harvest" name="resourceLeather" count="1" tag="WasteTreasuresCompleteHarvest"/>
	<drop event="Harvest" name="resourceBone" count="1" tag="WasteTreasuresCompleteHarvest"/>

	<property name="NavObject" value="animaltracking_bambi" />
	<effect_group name="Base Effects">
		<passive_effect name="HealthMax" operation="base_set" value="200"/>
		<passive_effect name="HealthMax" operation="perc_add" value="1"/> <!-- Animal HP scale -->
	</effect_group>
</entity_class>
</insertAfter>
<insertAfter xpath="/entity_classes/entity_class[@name='Bambi']" >
<entity_class name="bugsBunny" extends="petsTemplate">
	<property name="Tags" value="entity,animal,rabbit,perkAT01,perkAT02,perkAT03"/>
	<property name="MapIcon" value="ui_game_symbol_tracking_rabbit"/>
	<property name="TrackerIcon" value="ui_game_symbol_tracking_rabbit"/>
	<property name="Class" value="EntityAnimalRabbit"/>
	<property name="Prefab" value="/Entities/Animals/Rabbit/RABBIT"/>
	<property name="Mesh" value=""/>
	<property name="Parent" value="Animals"/>
	<property name="Faction" value="animals"/>
	<property name="PhysicsBody" value="rabbit"/>
	<property name="SizeScale" value="1.5"/>
	<property name="Mass" value="55"/>
	<property name="Weight" value="35"/>
	<property name="SoundHurt" value="Animals/rabbitpain"/>
	<property name="SoundDeath" value="Animals/rabbitdeath"/>
	<property name="SwimOffset" value="2"/>
	<property name="HasRagdoll" value="false"/>
	<property name="HandItem" value="meleeHandAnimalBugsBunny" />
	<!-- Gameplay -->
	
	<property name="MoveSpeedPanic" value="1.5"/>

	<property name="ExperienceGain" value="130"/>
	<property name="DeadBodyHitPoints" value="175"/>
	
	<drop event="Harvest" name="foodRawMeat" count="0" tool_category="Butcher"/>
	<drop event="Harvest" name="foodRawMeat" tag="butcherHarvest" count="10"/> <!-- animalRabbit -->
	<drop event="Harvest" name="resourceLeather" tag="butcherHarvest" count="2"/>
	<drop event="Harvest" name="resourceBone" tag="butcherHarvest" count="4"/>
	<drop event="Harvest" name="resourceBone" tag="allToolsHarvest" count="2"/>
	<drop event="Harvest" name="foodRawMeat" count="1" tag="WasteTreasuresCompleteHarvest"/>
	<drop event="Harvest" name="resourceLeather" count="1" tag="WasteTreasuresCompleteHarvest"/>
	<drop event="Harvest" name="resourceBone" count="1" tag="WasteTreasuresCompleteHarvest"/>

	<effect_group name="Base Effects">
		<passive_effect name="HealthMax" operation="base_set" value="10"/>
		<passive_effect name="HealthMax" operation="perc_add" value="0"/> <!-- Animal HP scale -->
	</effect_group>
	<property name="NavObject" value="animaltracking_bugsbunny" />
</entity_class>
</insertAfter>
<insertAfter xpath="/entity_classes/entity_class[@name='bugsBunny']" >
<entity_class name="foghornLeghorn" extends="petsTemplate">
	<property name="Tags" value="entity,animal,chicken,perkAT01,perkAT02,perkAT03"/>
	<property name="Mesh" value="Animals/CHICKEN/chickenPrefab"/>
	<property name="Prefab" value="NPC"/>
	<property name="Class" value="EntityAnimalRabbit"/>
	<property name="Parent" value="Animals"/>
	<property name="Faction" value="animals"/>
	<property name="PhysicsBody" value="chicken"/>
	<property name="IsEntityAnimal" value="true"/>
	<property name="IsEnemyEntity" value="false"/>
	<property name="SizeScale" value="2"/>
	<property name="Mass" value="50"/>
	<property name="Weight" value="35"/>
	<property name="SoundHurt" value="Animals/Chicken/chickenpain"/>
	<property name="SoundDeath" value="Animals/Chicken/chickendeath"/>
	<property name="SwimOffset" value="2"/>
	<property name="HasRagdoll" value="true"/>
	<property name="HasDeathAnim" value="false"/>
	<property name="HandItem" value="meleeHandAnimalFoghornLeghorn" />
	<!-- Gameplay -->
	<property name="MoveSpeedPanic" value="1"/>
	<property name="ExperienceGain" value="130"/>
	<property name="DeadBodyHitPoints" value="175"/>
	<drop event="Harvest" name="foodRawMeat" count="0" tool_category="Butcher"/>
	<drop event="Harvest" name="foodRawMeat" tag="butcherHarvest" count="10"/> <!-- animalChicken -->
	<drop event="Harvest" name="resourceFeather" tag="butcherHarvest" count="23"/>
	<drop event="Harvest" name="resourceBone" tag="butcherHarvest" count="4"/>
	<drop event="Harvest" name="resourceBone" tag="allToolsHarvest" count="2"/>
	<drop event="Harvest" name="foodRawMeat" count="1" tag="WasteTreasuresCompleteHarvest"/>
	<drop event="Harvest" name="resourceLeather" count="1" tag="WasteTreasuresCompleteHarvest"/>
	<drop event="Harvest" name="resourceBone" count="1" tag="WasteTreasuresCompleteHarvest"/>
	
	<effect_group name="Base Effects">
		<passive_effect name="HealthMax" operation="base_set" value="150"/>
		<passive_effect name="HealthMax" operation="perc_add" value="1"/> <!-- Animal HP scale -->
	</effect_group>
	<property name="NavObject" value="animaltracking_foghornleghorn" />
</entity_class>
</insertAfter>
<insertAfter xpath="/entity_classes/entity_class[@name='foghornLeghorn']" >
<!-- HOSTILE ANIMALS -->
<entity_class name="yogiBear" extends="petsTemplate">
	<property name="Tags" value="animal"/>
	<property name="MapIcon" value="ui_game_symbol_tracking_bear"/>
	<property name="TrackerIcon" value="ui_game_symbol_tracking_bear"/>
	<property name="AvatarController" value="AvatarAnimalController"/>
	<property name="ModelType" value="Standard"/>
	<property name="HasRagdoll" value="true"/>
	<property name="HasDeathAnim" value="true"/>
	<property name="RootMotion" value="true"/>
	<property name="RagdollOnDeathChance" value=".5"/>
	<property name="PhysicsBody" value="bear"/>
	<property name="Mass" value="800"/>
	<property name="IsEntityAnimal" value="true"/>
	<property name="IsEnemyEntity" value="false"/>
	<property name="Mesh" value="Animals/Bear/animalBearStandardRagdoll"/>
	
	<property name="AITask-1" value="Territorial"/>
	<property name="AITask-2" value="ApproachAndAttackTarget" data="class=EntityEnemy,30,EntityEnemyAnimal,30,EntityZombie,30,EntityZombieCop,30,EntityVulture,30,EntityZombieDog,30"/>
	<property name="AITask-3" value="ApproachSpot"/>
	<property name="AITask-4" value="Look"/>
	<property name="AITask-5" value="Wander"/>
	<property name="AITask-6" value=""/>
	<property name="AITarget-1" value="SetAsTargetIfHurt"/>
	<property name="AITarget-2" value="BlockingTargetTask"/>
	<property name="AITarget-3" value="SetNearestEntityAsTarget" data="class=EntityEnemy,14,9,EntityEnemyAnimal,0,0,EntityZombie,0,5,EntityZombieCop,0,5,EntityVulture,0,5,EntityZombieDog,0,5"/>
	<property name="AITarget-4" value=""/>
	
	<property name="SoundHurt" value="Animals/Bear/bearpain"/>
	<property name="SoundDeath" value="Animals/Bear/beardeath"/>
	<property name="SoundRandom" value="Animals/Bear/bearroam"/>
	<property name="SoundSense" value="Animals/Bear/bearsense"/>
	<property name="SoundAlert" value="Animals/Bear/bearalert"/>
	<property name="SoundAttack" value="Animals/Bear/bearattack"/>
	<property name="SoundFootstepModifier" value="Animals/Bear/bear_footstep"/>
	<property name="SoundGiveUp" value="Animals/Bear/beargiveup"/>
	
	<!-- Gameplay -->
	<property name="PainResistPerHit" value="1"/>
	<property name="ExperienceGain" value="750"/> <!-- XP strong -->
	<property name="DeadBodyHitPoints" value="600"/>

	<drop event="Harvest" name="foodRawMeat" count="0" tool_category="Butcher"/>
	<drop event="Harvest" name="foodRawMeat" tag="butcherHarvest" count="50"/> <!-- animalBear -->
	<drop event="Harvest" name="resourceLeather" tag="butcherHarvest" count="15"/>
	<drop event="Harvest" name="resourceAnimalFat" tag="butcherHarvest" count="5"/>
	<drop event="Harvest" name="resourceBone" tag="butcherHarvest" count="25"/>
	<drop event="Harvest" name="resourceBone" tag="allToolsHarvest" count="5"/>
	<drop event="Harvest" name="resourceTestosteroneExtract" tag="butcherHarvest" count="2"/>
	<drop event="Harvest" name="foodRawMeat" count="1" tag="WasteTreasuresCompleteHarvest"/>
	<drop event="Harvest" name="resourceLeather" count="1" tag="WasteTreasuresCompleteHarvest"/>
	<drop event="Harvest" name="resourceBone" count="1" tag="WasteTreasuresCompleteHarvest"/>
	
	<effect_group name="Base Effects">
		<passive_effect name="HealthMax" operation="base_set" value="300"/>
		<passive_effect name="HealthMax" operation="perc_add" value="0"/> <!-- Animal HP scale -->
	</effect_group>
	<property name="NavObject" value="animaltracking_yogibear" />
</entity_class>
</insertAfter>
<insertAfter xpath="/entity_classes/entity_class[@name='yogiBear']" >
<entity_class name="Baloo" extends="yogiBear">
	<property name="Tags" value="entity,animal,bear,perkAT03"/>
	<property name="ReplaceMaterial0" value="Entities/Animals/Bear/Materials/zBear"/>
	<property name="ReplaceMaterial1" value="Materials/UMAFur_ZombieBear"/>
	<property name="MapIcon" value="ui_game_symbol_tracking_bear"/>
	<property name="TrackerIcon" value="ui_game_symbol_tracking_bear"/>
	<property name="IsEntityAnimal" value="true"/>
	<property name="IsEnemyEntity" value="false"/>
	
	<property name="AITask-1" value="Territorial"/>
	<property name="AITask-2" value="ApproachAndAttackTarget" data="class=EntityEnemy,30,EntityEnemyAnimal,30,EntityZombie,30,EntityZombieCop,30,EntityVulture,30,EntityZombieDog,30"/>
	<property name="AITask-3" value="ApproachSpot"/>
	<property name="AITask-4" value="Look"/>
	<property name="AITask-5" value="Wander"/>
	<property name="AITask-6" value=""/>
	<property name="AITarget-1" value="SetAsTargetIfHurt"/>
	<property name="AITarget-2" value="BlockingTargetTask"/>
	<property name="AITarget-3" value="SetNearestEntityAsTarget" data="class=EntityEnemy,14,9,EntityEnemyAnimal,0,0,EntityZombie,0,5,EntityZombieCop,0,5,EntityVulture,0,5,EntityZombieDog,0,5"/>
	<property name="AITarget-4" value=""/>
	
	<property name="SoundHurt" value="Animals/Bear/bearpain"/>
	<property name="SoundDeath" value="Animals/Bear/beardeath"/>
	<property name="SoundRandom" value="Animals/Bear/bearroam"/>
	<property name="SoundSense" value="Animals/Bear/bearsense"/>
	<property name="SoundAlert" value="Animals/Bear/bearalert"/>
	<property name="SoundAttack" value="Animals/Bear/bearattack"/>
	<property name="SoundFootstepModifier" value="Animals/Bear/bear_footstep"/>
	<property name="SoundGiveUp" value="Animals/Bear/beargiveup"/>

	<!-- Gameplay -->
	<property name="HandItem" value="meleeHandAnimalBaloo"/>

	<property name="DeadBodyHitPoints" value="600"/>
	<drop event="Harvest" name="foodRawMeat" count="0" tool_category="Butcher"/>
	<drop event="Harvest" name="foodRottingFlesh" tag="butcherHarvest" count="50"/> <!-- animalZombieBear -->
	<drop event="Harvest" name="resourceLeather" tag="butcherHarvest" count="15"/>
	<drop event="Harvest" name="resourceAnimalFat" tag="butcherHarvest" count="5"/>
	<drop event="Harvest" name="resourceBone" tag="butcherHarvest" count="25"/>
	<drop event="Harvest" name="resourceBone" tag="allToolsHarvest" count="5"/>
	<drop event="Harvest" name="resourceTestosteroneExtract" tag="butcherHarvest" count="2"/>
	<drop event="Harvest" name="foodRottingFlesh" count="1" tag="WasteTreasuresCompleteHarvest"/>
	<drop event="Harvest" name="resourceLeather" count="1" tag="WasteTreasuresCompleteHarvest"/>
	<drop event="Harvest" name="resourceBone" count="1" tag="WasteTreasuresCompleteHarvest"/>
	
	<effect_group name="Base Effects">
		<passive_effect name="HealthMax" operation="base_set" value="300"/>
		<passive_effect name="HealthMax" operation="perc_set" value="1"/> <!-- Zombie HP scale -->
	</effect_group>
	<property name="NavObject" value="animaltracking_baloo" />
</entity_class>
</insertAfter>
<insertAfter xpath="/entity_classes/entity_class[@name='Baloo']" >	
<entity_class name="MrFox" extends="petsTemplate">
	<property name="Tags" value="entity,animal,wolf,perkAT02,perkAT03"/>
	<property name="MapIcon" value="ui_game_symbol_tracking_wolf"/>
	<property name="TrackerIcon" value="ui_game_symbol_tracking_wolf"/>
	<!--property name="Prefab" value="Wolf"-->
	<property name="AvatarController" value="AvatarAnimalController"/>
	<property name="ModelType" value="Standard"/>
	<property name="HasRagdoll" value="true"/>
	<property name="PhysicsBody" value="wolf"/>
	<property name="Mass" value="95"/>
	<property name="IsEntityAnimal" value="true"/>
	<property name="IsEnemyEntity" value="false"/>
	<property name="Prefab" value="/Entities/Animals/Wolf/animalStandardWolfRagdoll"/>
	<property name="Mesh" value=""/>
	<property name="HasDeathAnim" value="true"/>
	<property name="RootMotion" value="true"/>
	<property name="RagdollOnDeathChance" value=".5"/>
	
	<property name="AITask-1" value="Territorial"/>
	<property name="AITask-2" value="ApproachAndAttackTarget" data="class=EntityEnemy,30,EntityEnemyAnimal,30,EntityZombie,30,EntityZombieCop,30,EntityVulture,30,EntityZombieDog,30"/>
	<property name="AITask-3" value="ApproachSpot"/>
	<property name="AITask-4" value="Look"/>
	<property name="AITask-5" value="Wander"/>
	<property name="AITask-6" value=""/>
	<property name="AITarget-1" value="SetAsTargetIfHurt"/>
	<property name="AITarget-2" value="BlockingTargetTask"/>
	<property name="AITarget-3" value="SetNearestEntityAsTarget" data="class=EntityEnemy,14,9,EntityEnemyAnimal,0,0,EntityZombie,0,5,EntityZombieCop,0,5,EntityVulture,0,5,EntityZombieDog,0,5"/>
	<property name="AITarget-4" value=""/>
	
	<property name="SoundRandom" value="wolfroam"/>
	<property name="SoundAlert" value="wolfalert"/>
	<property name="SoundHurt" value="wolfpain"/>
	<property name="SoundDeath" value="wolfdeath"/>
	<property name="SoundAttack" value="wolfattack"/>
	<property name="SoundSense" value="wolfsense"/>
	<property name="SoundGiveUp" value="wolfgiveup"/>

	<!-- Stealth -->
	<property name="SmellAlertThreshold" value="5"/>

	<!-- Gameplay -->
	<property name="HandItem" value="meleeHandMrFox"/>

	<effect_group name="Base Effects">
		<passive_effect name="HealthMax" operation="base_set" value="300"/>
		<passive_effect name="HealthMax" operation="perc_add" value="0"/> <!-- Animal HP scale -->
	</effect_group>
	
	<drop event="Harvest" name="foodRawMeat" count="0" tool_category="Butcher"/>
	<drop event="Harvest" name="foodRawMeat" tag="butcherHarvest" count="25"/> <!-- animalWolf -->
	<drop event="Harvest" name="resourceLeather" tag="butcherHarvest" count="10"/>
	<drop event="Harvest" name="resourceAnimalFat" tag="butcherHarvest" count="3"/>
	<drop event="Harvest" name="resourceBone" tag="butcherHarvest" count="15"/>
	<drop event="Harvest" name="resourceBone" tag="allToolsHarvest" count="5"/>
	<drop event="Harvest" name="foodRawMeat" count="1" tag="WasteTreasuresCompleteHarvest"/>
	<drop event="Harvest" name="resourceLeather" count="1" tag="WasteTreasuresCompleteHarvest"/>
	<drop event="Harvest" name="resourceBone" count="1" tag="WasteTreasuresCompleteHarvest"/>
	
	<property name="NavObject" value="animaltracking_mrfox" />
	</entity_class>
</insertAfter>
<insertAfter xpath="/entity_classes/entity_class[@name='MrFox']" >
<entity_class name="wileyCoyote" extends="MrFox">
	<property name="Tags" value="entity,animal,coyote,perkAT02,perkAT03"/>
	<property name="MapIcon" value="ui_game_symbol_tracking_wolf"/>
	<property name="TrackerIcon" value="ui_game_symbol_tracking_wolf"/>
	<property name="PhysicsBody" value="wolf"/>
	<property name="Mass" value="50"/>
	<property name="Prefab" value="/Entities/Animals/Wolf/animalStandardCoyoteRagdoll"/>
	<property name="IsEntityAnimal" value="true"/>
	<property name="IsEnemyEntity" value="false"/>

	<property name="AITask-1" value="Territorial"/>
	<property name="AITask-2" value="RunawayWhenHurt" data="runChance=.9;healthPer=.6;healthPerMax=0.75"/>
	<property name="AITask-3" value="ApproachAndAttackTarget" data="class=EntityEnemy,30,EntityEnemyAnimal,30,EntityZombie,30,EntityZombieCop,30,EntityVulture,30,EntityZombieDog,30"/>
	<property name="AITask-4" value="ApproachSpot"/>
	<property name="AITask-5" value="Look"/>
	<property name="AITask-6" value="Wander"/>
	<property name="AITask-7" value=""/>
	<property name="AITarget-1" value="SetAsTargetIfHurt"/>
	<property name="AITarget-2" value="BlockingTargetTask"/>
	<property name="AITarget-3" value="SetNearestEntityAsTarget" data="class=EntityEnemy,14,9,EntityEnemyAnimal,0,0,EntityZombie,0,5,EntityZombieCop,0,5,EntityVulture,0,5,EntityZombieDog,0,5"/>
	<property name="AITarget-4" value=""/>

	<property name="SoundRandom" value="coyoteroam"/>
	<property name="SoundAlert" value="wolfalert"/>
	<property name="SoundHurt" value="wolfpain"/>
	<property name="SoundDeath" value="wolfdeath"/>
	<property name="SoundAttack" value="wolfattack"/>
	<property name="SoundSense" value="wolfsense"/>
	<property name="SoundGiveUp" value="wolfgiveup"/>

	<property name="HandItem" value="meleeHandAnimalWileyCoyote"/>
	<property name="ExperienceGain" value="275"/>
	<property name="DeadBodyHitPoints" value="200"/>

	<effect_group name="Base Effects">
		<passive_effect name="HealthMax" operation="base_set" value="80"/>
		<passive_effect name="HealthMax" operation="perc_add" value="0"/>
		<!-- Animal HP scale -->
	</effect_group>
	<drop event="Harvest" name="foodRawMeat" count="0" tool_category="Butcher"/>
	<drop event="Harvest" name="foodRawMeat" tag="butcherHarvest" count="12"/>
	<drop event="Harvest" name="resourceLeather" tag="butcherHarvest" count="5"/>
	<drop event="Harvest" name="resourceAnimalFat" tag="butcherHarvest" count="2"/>
	<drop event="Harvest" name="resourceBone" tag="butcherHarvest" count="8"/>
	<drop event="Harvest" name="resourceBone" tag="allToolsHarvest" count="3"/>
	<drop event="Harvest" name="foodRawMeat" count="1" tag="WasteTreasuresCompleteHarvest"/>
	<drop event="Harvest" name="resourceLeather" count="1" tag="WasteTreasuresCompleteHarvest"/>
	<drop event="Harvest" name="resourceBone" count="1" tag="WasteTreasuresCompleteHarvest"/>
	
	<property name="NavObject" value="animaltracking_wileycoyote" />
</entity_class>
</insertAfter>
<insertAfter xpath="/entity_classes/entity_class[@name='wileyCoyote']" >
<entity_class name="bigBadWolf" extends="MrFox">
	<property name="Tags" value="entity,animal,wolf,perkAT02,perkAT03"/>
	<property name="MapIcon" value="ui_game_symbol_tracking_wolf"/>
	<property name="TrackerIcon" value="ui_game_symbol_tracking_wolf"/>
	<property name="Mass" value="180"/>
	<property name="Prefab" value="/Entities/Animals/Wolf/animalStandardWolfRagdoll"/>
	<property name="SizeScale" value="2"/>
	<property name="ReplaceMaterial1" value="entities/animals/wolf/materials/wolfEyeFeral"/>
	<property name="IsEntityAnimal" value="true"/>
	<property name="IsEnemyEntity" value="false"/>
	
	<property name="AITask-1" value="Territorial"/>
	<property name="AITask-2" value="ApproachAndAttackTarget" data="class=EntityEnemy,30,EntityEnemyAnimal,30,EntityZombie,30,EntityZombieCop,30,EntityVulture,30,EntityZombieDog,30"/>
	<property name="AITask-3" value="ApproachSpot"/>
	<property name="AITask-4" value="Look"/>
	<property name="AITask-5" value="Wander"/>
	<property name="AITask-6" value=""/>
	<property name="AITarget-1" value="SetAsTargetIfHurt"/>
	<property name="AITarget-2" value="BlockingTargetTask"/>
	<property name="AITarget-3" value="SetNearestEntityAsTarget" data="class=EntityEnemy,14,9,EntityEnemyAnimal,0,0,EntityZombie,0,5,EntityZombieCop,0,5,EntityVulture,0,5,EntityZombieDog,0,5"/>
	<property name="AITarget-4" value=""/>
	
	<!-- Gameplay -->
	<property name="MoveSpeedAggro" value="1, 1.1"/>
	<property name="HandItem" value="meleeHandBigBadWolf"/>
	<property name="PainResistPerHit" value=".9"/>

	<property name="ExperienceGain" value="1200"/> <!-- XP strong -->
	<property name="DeadBodyHitPoints" value="450"/>
	<drop event="Harvest" name="foodRawMeat" count="0" tool_category="Butcher"/>
	<drop event="Harvest" name="foodRawMeat" tag="butcherHarvest" count="35"/> <!-- animalDireWolf -->
	<drop event="Harvest" name="resourceLeather" tag="butcherHarvest" count="12"/>
	<drop event="Harvest" name="resourceAnimalFat" tag="butcherHarvest" count="3"/>
	<drop event="Harvest" name="resourceBone" tag="butcherHarvest" count="15"/>
	<drop event="Harvest" name="resourceBone" tag="allToolsHarvest" count="5"/>
	<drop event="Harvest" name="foodRawMeat" count="1" tag="WasteTreasuresCompleteHarvest"/>
	<drop event="Harvest" name="resourceLeather" count="1" tag="WasteTreasuresCompleteHarvest"/>
	<drop event="Harvest" name="resourceBone" count="1" tag="WasteTreasuresCompleteHarvest"/>
	
	<effect_group name="Base Effects">
		<passive_effect name="HealthMax" operation="base_set" value="300"/>
		<passive_effect name="HealthMax" operation="perc_add" value="0"/> <!-- Animal HP scale -->
	</effect_group>
	<property name="NavObject" value="animaltracking_bigbadwolf" />
</entity_class>
</insertAfter>
<insertAfter xpath="/entity_classes/entity_class[@name='bigBadWolf']" >
<entity_class name="Luca" extends="MrFox">
	<property name="Tags" value="entity,animal,mountainlion,perkAT03"/>
	<property name="MapIcon" value="ui_game_symbol_tracking_mountain_lion"/>
	<property name="TrackerIcon" value="ui_game_symbol_tracking_mountain_lion"/>
	<property name="PhysicsBody" value="MountainLion"/>
	<property name="Mass" value="140"/>
	<property name="Prefab" value="/Entities/Animals/Mountain_Lion/animalStandardMountainLionRagdoll"/>
	<property name="IsEntityAnimal" value="true"/>
	<property name="IsEnemyEntity" value="false"/>

	<property name="SoundRandom" value="mlionroam"/>
	<property name="SoundAlert" value="mlionalert"/>
	<property name="SoundHurt" value="mlionpain"/>
	<property name="SoundDeath" value="mliondeath"/>
	<property name="SoundAttack" value="mlionattack"/>
	<property name="SoundSense" value="mlionsense"/>
	<property name="SoundGiveUp" value="mliongiveup"/>

	<property name="AITask-1" value="Leap" data="legs=4"/>
	<property name="AITask-2" value="BreakBlock"/>
	<property name="AITask-3" value="Territorial"/>
	<property name="AITask-4" value="RunawayWhenHurt" data="runChance=.4;healthPer=.1;healthPerMax=.4"/>
	<property name="AITask-5" value="ApproachAndAttackTarget" data="class=EntityEnemy,30,EntityEnemyAnimal,30,EntityZombie,30,EntityZombieCop,30,EntityVulture,30,EntityZombieDog,30"/>
	<property name="AITask-6" value="ApproachSpot"/>
	<property name="AITask-7" value="Look"/>
	<property name="AITask-8" value="Wander"/>
	<property name="AITask-9" value=""/>
	<property name="AITarget-1" value="SetAsTargetIfHurt"/>
	<property name="AITarget-2" value="BlockingTargetTask"/>
	<property name="AITarget-3" value="SetNearestEntityAsTarget" data="class=EntityEnemy,14,9,EntityEnemyAnimal,0,0,EntityZombie,0,5,EntityZombieCop,0,5,EntityVulture,0,5,EntityZombieDog,0,5"/>
	<property name="AITarget-4" value=""/>

	<!-- Gameplay -->
	<property name="MoveSpeed" value=".6"/>
	<property name="MoveSpeedAggro" value="2.1, 2.3"/>
	<property name="JumpDelay" value=".1"/>
	<property name="JumpMaxDistance" value="6, 7"/>
	<property name="PainResistPerHit" value=".8"/>
	<property name="SwimSpeed" value="1.2"/>
	<property name="SwimStrokeRate" value="1.6,1.7"/>

	<drop event="Harvest" name="foodRawMeat" count="0" tool_category="Butcher"/>
	<drop event="Harvest" name="foodRawMeat" tag="butcherHarvest" count="25"/>
	<drop event="Harvest" name="resourceLeather" tag="butcherHarvest" count="10"/>
	<drop event="Harvest" name="resourceAnimalFat" tag="butcherHarvest" count="4"/>
	<drop event="Harvest" name="resourceBone" tag="butcherHarvest" count="15"/>
	<drop event="Harvest" name="resourceBone" tag="allToolsHarvest" count="5"/>
	<drop event="Harvest" name="foodRawMeat" count="1" tag="WasteTreasuresCompleteHarvest"/>
	<drop event="Harvest" name="resourceLeather" count="1" tag="WasteTreasuresCompleteHarvest"/>
	<drop event="Harvest" name="resourceBone" count="1" tag="WasteTreasuresCompleteHarvest"/>
	
	<property name="NavObject" value="animaltracking_luca" />
</entity_class>
</insertAfter>
<insertAfter xpath="/entity_classes/entity_class[@name='Luca']" >
<entity_class name="Tweety" extends="petsTemplate">
	<property name="Tags" value="entity,animal,zombie,vulture"/>
	<property name="MapIcon" value="ui_game_symbol_tracking_mountain_lion"/>
	<property name="TrackerIcon" value="ui_game_symbol_tracking_mountain_lion"/>
	<property name="Class" value="EntityVulture"/>
	<property name="EntityType" value="Zombie"/>
	<property name="AvatarController" value="AvatarAnimalController"/>
	<property name="ModelType" value="Standard"/>
	<property name="HasRagdoll" value="true"/>
	<property name="PhysicsBody" value="vulture"/>
	<property name="Mass" value="30"/>
	<property name="IsEntityAnimal" value="true"/>
	<property name="IsEnemyEntity" value="false"/>
	<property name="Mesh" value="Animals/Vulture/animalVultureStandardRagdoll"/>
	<property name="SizeScale" value=".7"/>

	<property name="AITask-1" value="Territorial"/>
	<property name="AITask-2" value="RunawayWhenHurt" data="runChance=.9;healthPer=.6;healthPerMax=0.75"/>
	<property name="AITask-3" value="ApproachAndAttackTarget" data="class=EntityEnemy,30,EntityEnemyAnimal,30,EntityZombie,30,EntityZombieCop,30,EntityVulture,30,EntityZombieDog,30"/>
	<!--<property name="AITask-5" value="Follow" param1="EntityPlayer" />-->
	<property name="AITask-4" value="ApproachSpot"/>
	<property name="AITask-5" value="Look"/>
	<property name="AITask-6" value="Wander"/>
	<property name="AITask-7" value=""/>
	<property name="AITarget-1" value="SetAsTargetIfHurt"/>
	<property name="AITarget-2" value="BlockingTargetTask"/>
	<property name="AITarget-3" value="SetNearestEntityAsTarget" data="class=EntityEnemy,14,9,EntityEnemyAnimal,0,0,EntityZombie,0,5,EntityZombieCop,0,5,EntityVulture,0,5,EntityZombieDog,0,5"/>
	<property name="AITarget-4" value=""/>
	
	<property name="SoundRandom" value="Animals/Vulture/vultureroam"/>
	<property name="SoundAlert" value="Animals/Vulture/vulturealert"/>
	<property name="SoundHurt" value="Animals/Vulture/vulturepain"/>
	<property name="SoundDeath" value="Animals/Vulture/vulturedeath"/>
	<property name="SoundAttack" value="Animals/Vulture/vultureattack"/>
	<property name="SoundSense" value="Animals/Vulture/vulturesense"/>
	<property name="SoundGiveUp" value="Animals/Vulture/vulturegiveup"/>

	<!-- Stealth -->
	<property name="SightRange" value="70"/>

	<!-- Gameplay -->
	<property name="MoveSpeed" value="1"/>
	<property name="MoveSpeedAggro" value="2.1, 2.1"/> <!-- Used when player in vehicle -->
	<property name="MaxTurnSpeed" value="190"/>
	
	<property name="HandItem" value="meleeHandAnimalTweety"/>
	<property name="Immunity" value="sickness;disease;wellness"/> <!-- bleeding; -->
	
	<property name="DismemberMultiplierLegs" value="0"/>
	<property name="PainResistPerHit" value="-1"/> <!-- no pain -->

	<property name="DeadBodyHitPoints" value="175"/>
	<drop event="Harvest" name="foodRawMeat" count="0" tool_category="Butcher"/>
	<drop event="Harvest" name="foodRottingFlesh" tag="butcherHarvest" count="4"/> <!-- animalZombieVulture -->
	<drop event="Harvest" name="resourceFeather" tag="butcherHarvest" count="30"/>
	<drop event="Harvest" name="resourceBone" tag="butcherHarvest" count="6"/>
	<drop event="Harvest" name="resourceBone" tag="allToolsHarvest" count="3"/>
	<drop event="Harvest" name="foodRottingFlesh" count="1" tag="WasteTreasuresCompleteHarvest"/>
	<drop event="Harvest" name="resourceLeather" count="1" tag="WasteTreasuresCompleteHarvest"/>
	<drop event="Harvest" name="resourceBone" count="1" tag="WasteTreasuresCompleteHarvest"/>

	<effect_group name="Base Effects">
		<passive_effect name="HealthMax" operation="base_set" value="150"/>
		<passive_effect name="HealthMax" operation="perc_set" value="1"/> <!-- Zombie HP scale -->
	</effect_group>
	<property name="NavObject" value="animaltracking_tweety" />
</entity_class>
</insertAfter>
<insertAfter xpath="/entity_classes/entity_class[@name='Tweety']" >
<entity_class name="beakyBuzzard" extends="Tweety">
	<property name="Tags" value="entity,animal,zombie,radiated,vulture"/>
	<property name="MapIcon" value="ui_game_symbol_tracking_mountain_lion"/>
	<property name="TrackerIcon" value="ui_game_symbol_tracking_mountain_lion"/>
	<property name="Radiated" value=""/>
	<property name="SizeScale" value="2"/>
	<property name="IsEntityAnimal" value="true"/>
	<property name="IsEnemyEntity" value="false"/>
	<property name="HandItem" value="meleeHandBeakyBuzzard"/>

	<property name="MoveSpeed" value=".7"/>
	<property name="MoveSpeedAggro" value="1.5, 1.5"/>
	<property name="MaxTurnSpeed" value="150"/>

	<property name="ExperienceGain" value="1200"/> <!-- XP grunt radiated -->
	
	<property name="DeadBodyHitPoints" value="200"/>
	<drop event="Harvest" name="foodRawMeat" count="0" tool_category="Butcher"/>
	<drop event="Harvest" name="foodRottingFlesh" tag="butcherHarvest" count="6"/> <!-- animalZombieVultureRadiated -->
	<drop event="Harvest" name="resourceFeather" tag="butcherHarvest" count="35"/>
	<drop event="Harvest" name="resourceBone" tag="butcherHarvest" count="8"/>
	<drop event="Harvest" name="resourceBone" tag="allToolsHarvest" count="5"/>

	<effect_group name="Base Effects">
		<passive_effect name="HealthMax" operation="base_set" value="200"/>
		<passive_effect name="HealthMax" operation="perc_set" value="1"/> <!-- Zombie HP scale -->
		<passive_effect name="EntityDamage" operation="perc_add" value=".4"/> <!-- Feral damage -->
		<triggered_effect trigger="onOtherDamagedSelf" action="ModifyCVar" target="self" cvar="RadiatedRegenAmount" operation="set" value="2.5"/>
		<triggered_effect trigger="onOtherDamagedSelf" action="AddBuff" target="self" buff="buffRadiatedRegen"/>
	</effect_group>
	<property name="NavObject" value="animaltracking_beakybuzzard" />
</entity_class>
</insertAfter>
<insertAfter xpath="/entity_classes/entity_class[@name='beakyBuzzard']" >
<entity_class name="Scooby" extends="MrFox">
	<property name="Tags" value="entity,animal,zombie,dog"/>
	<property name="MapIcon" value="ui_game_symbol_tracking_wolf"/>
	<property name="TrackerIcon" value="ui_game_symbol_tracking_wolf"/>
	<property name="Prefab" value="/Entities/Animals/Wolf/animalStandardDogZombieRagdoll"/>
	<property name="Class" value="EntityZombieDog"/>
	<property name="IsEntityAnimal" value="true"/>
	<property name="IsEnemyEntity" value="false"/>
	
	<property name="SoundRandomTime" value="45.0"/>
	<property name="SoundAlertTime" value="25.0"/>
	<property name="SoundRandom" value="Enemies/Zombie_Dogs/zombiedogroam"/>
	<property name="SoundAlert" value="Enemies/Zombie_Dogs/zombiedogalert"/>
	<property name="SoundHurt" value="Enemies/Zombie_Dogs/zombiedogpain"/>
	<property name="SoundDeath" value="Enemies/Zombie_Dogs/zombiedogdeath"/>
	<property name="SoundAttack" value="Enemies/Zombie_Dogs/zombiedogattack"/>
	<property name="SoundSense" value="Enemies/Zombie_Dogs/zombiedogsense"/>
	<property name="SoundGiveUp" value="Enemies/Zombie_Dogs/zombiedoggiveup"/>

	<property name="AITask-1" value="Territorial"/>
	<property name="AITask-2" value="RunawayWhenHurt" data="runChance=.9;healthPer=.6;healthPerMax=0.75"/>
	<property name="AITask-3" value="ApproachAndAttackTarget" data="class=EntityEnemy,30,EntityEnemyAnimal,30,EntityZombie,30,EntityZombieCop,30,EntityVulture,30,EntityZombieDog,30"/>
	<!--<property name="AITask-5" value="Follow" param1="EntityPlayer" />-->
	<property name="AITask-4" value="ApproachSpot"/>
	<property name="AITask-5" value="Look"/>
	<property name="AITask-6" value="Wander"/>
	<property name="AITask-7" value=""/>
	<property name="AITarget-1" value="SetAsTargetIfHurt"/>
	<property name="AITarget-2" value="BlockingTargetTask"/>
	<property name="AITarget-3" value="SetNearestEntityAsTarget" data="class=EntityEnemy,14,9,EntityEnemyAnimal,0,0,EntityZombie,0,5,EntityZombieCop,0,5,EntityVulture,0,5,EntityZombieDog,0,5"/>
	<property name="AITarget-4" value=""/>

	<!-- Stealth -->
	<property name="SleeperSmellSenseThreshold" value="5,30"/> <!-- Indiv.Random. smell capability - "I smell something" player smell value -->
	<property name="SleeperSmellWakeThreshold" value="10,40"/>
	<property name="SmellAlertThreshold" value="5"/> <!-- for awake zombies -->

	<!-- Gameplay -->
	<property name="MoveSpeed" value=".45"/>
	<property name="MoveSpeedNight" value=".3"/>
	<property name="MoveSpeedAggro" value="1.2, 1.3"/>
	<property name="MoveSpeedPanic" value="1.5"/>

	<property name="HandItem" value="meleeHandAnimalScooby"/>

	<property name="Immunity" value="sickness;disease;wellness"/> <!-- bleeding; -->
	<property name="PainResistPerHit" value=".9"/>
	
	<drop event="Harvest" name="foodRawMeat" count="0" tool_category="Butcher"/>
	<drop event="Harvest" name="foodRottingFlesh" tag="butcherHarvest" count="10"/> <!-- animalZombieDog -->
	<drop event="Harvest" name="resourceLeather" tag="butcherHarvest" count="4"/>
	<drop event="Harvest" name="resourceAnimalFat" tag="butcherHarvest" count="1"/>
	<drop event="Harvest" name="resourceBone" tag="butcherHarvest" count="15"/>
	<drop event="Harvest" name="resourceBone" tag="allToolsHarvest" count="5"/>
	<drop event="Harvest" name="foodRottingFlesh" count="1" tag="WasteTreasuresCompleteHarvest"/>
	<drop event="Harvest" name="resourceLeather" count="1" tag="WasteTreasuresCompleteHarvest"/>
	<drop event="Harvest" name="resourceBone" count="1" tag="WasteTreasuresCompleteHarvest"/>
	
	<effect_group name="Base Effects">
		<passive_effect name="HealthMax" operation="base_set" value="300"/>
		<passive_effect name="HealthMax" operation="perc_set" value="1"/> <!-- Zombie HP scale -->
	</effect_group>
	<property name="NavObject" value="animaltracking_scooby" />
</entity_class>
</insertAfter>
<insertAfter xpath="/entity_classes/entity_class[@name='Scooby']" >
<entity_class name="sirHiss" extends="petsTemplate">
	<property name="Tags" value="entity,animal,snake,perkAT01,perkAT02,perkAT03"/>
	<property name="MapIcon" value="ui_game_symbol_tracking_snake"/>
	<property name="TrackerIcon" value="ui_game_symbol_tracking_snake"/>
	<property name="EntityType" value="Animal"/>
	<property name="IsEntityAnimal" value="true"/>
	<property name="IsEnemyEntity" value="false"/>
	<property name="Class" value="EntityAnimalSnake"/>
	<!--property name="Mesh" value="Animals/Snake/snakeRagdoll"/-->
	<property name="Prefab" value="/Entities/Animals/Snake/snake_Prefab"/>
	<property name="Mesh" value=""/>
	<property name="AvatarController" value="AvatarAnimalController"/>
	<property name="HasRagdoll" value="false"/>
	<property name="RagdollOnDeathChance" value="0"/>
	<property name="Parent" value="Enemies"/>
	<property name="PhysicsBody" value="snake"/>
	<property name="Mass" value="30"/>
	<property name="Weight" value="70"/>
	<property name="LookAtAngle" value="0"/>	
	
	<property name="Faction" value="undead"/>
	
	<property name="AITask-1" value="Territorial"/>
	<property name="AITask-2" value="RunawayWhenHurt" data="runChance=.9;healthPer=.6;healthPerMax=0.75"/>
	<property name="AITask-3" value="ApproachAndAttackTarget" data="class=EntityEnemy,30,EntityEnemyAnimal,30,EntityZombie,30,EntityZombieCop,30,EntityVulture,30,EntityZombieDog,30"/>
	<!--<property name="AITask-5" value="Follow" param1="EntityPlayer" />-->
	<property name="AITask-4" value="ApproachSpot"/>
	<property name="AITask-5" value="Look"/>
	<property name="AITask-6" value="Wander"/>
	<property name="AITask-7" value=""/>
	<property name="AITarget-1" value="SetAsTargetIfHurt"/>
	<property name="AITarget-2" value="BlockingTargetTask"/>
	<property name="AITarget-3" value="SetNearestEntityAsTarget" data="class=EntityEnemy,14,9,EntityEnemyAnimal,0,0,EntityZombie,0,5,EntityZombieCop,0,5,EntityVulture,0,5,EntityZombieDog,0,5"/>
	<property name="AITarget-4" value=""/>

	<property name="WalkType" value="7"/>
	<property name="SoundHurt" value="Animals/Snake/snakepain"/>
	<property name="SoundDeath" value="Animals/Snake/snakedeath"/>
	<property name="SoundRandom" value="Animals/Snake/snakeroam"/>
	<property name="SoundSense" value="Animals/Snake/snakesense"/>
	<property name="SoundAlert" value="Animals/Snake/snakealert"/>
	<property name="SoundAttack" value="Animals/Snake/snakeattack"/>
	<property name="RootMotion" value="true"/>
	<property name="HasDeathAnim" value="true"/>

	
	<!-- Gameplay -->
	<property name="MaxTurnSpeed" value="100"/>
	<property name="MoveSpeed" value="0.08"/>
	<property name="MoveSpeedAggro" value=".2, .2"/>
	<property name="MoveSpeedPanic" value="0.2"/>
	<property name="WanderSpeed" value="0.08"/>
	<property name="PanicSpeed" value="0.2"/>
	<property name="ApproachSpeed" value="0.2"/>
	<property name="NightWanderSpeed" value="0.08"/>
	<property name="NightApproachSpeed" value="0.2"/>
	<property name="SwimSpeed" value="1.2"/>
	<property name="SwimStrokeRate" value="1.6,1.7"/>

	<property name="HandItem" value="meleeHandAnimalSirHiss"/>
	<property name="AttackTimeoutDay" value="1.5"/>
	<property name="AttackTimeoutNight" value="1.1"/>

	<property name="ExperienceGain" value="170"/>
	
	<property name="DeadBodyHitPoints" value="150"/>
	<drop event="Harvest" name="foodRawMeat" count="0" tool_category="Butcher"/>
	<drop event="Harvest" name="foodRawMeat" tag="butcherHarvest" count="10"/> <!-- animalSnake -->
	<drop event="Harvest" name="resourceLeather" tag="butcherHarvest" count="2"/>
	<drop event="Harvest" name="resourceBone" tag="butcherHarvest" count="3"/>
	<drop event="Harvest" name="resourceBone" tag="allToolsHarvest" count="2"/>
	<drop event="Harvest" name="foodRawMeat" count="1" tag="WasteTreasuresCompleteHarvest"/>
	<drop event="Harvest" name="resourceLeather" count="1" tag="WasteTreasuresCompleteHarvest"/>
	<drop event="Harvest" name="resourceBone" count="1" tag="WasteTreasuresCompleteHarvest"/>
	
	<effect_group name="Base Effects">
		<passive_effect name="HealthMax" operation="base_set" value="150"/>
		<passive_effect name="HealthMax" operation="perc_add" value="0"/> <!-- Animal HP scale -->
	</effect_group>
	<property name="NavObject" value="animaltracking_sirhiss" />
</entity_class>
</insertAfter>
<insertAfter xpath="/entity_classes/entity_class[@name='sirHiss']" >
<entity_class name="porkyPig" extends="petsTemplate">
	<property name="Tags" value="entity,animal,boar,perkAT02,perkAT03"/>
	<property name="MapIcon" value="ui_game_symbol_tracking_pig"/>
	<property name="TrackerIcon" value="ui_game_symbol_tracking_pig"/>
	<property name="AvatarController" value="AvatarAnimalController"/>
	<property name="ModelType" value="Standard"/>
	<property name="HasRagdoll" value="true"/>
	<property name="PhysicsBody" value="boar"/>
	<property name="Mass" value="200"/>
	<property name="Mesh" value="Animals/Boar/AnimalBoarStandardRagdoll"/>
	<property name="HasDeathAnim" value="true"/>
	<property name="RootMotion" value="true"/>
	<property name="RagdollOnDeathChance" value=".5"/>
	<property name="IsEntityAnimal" value="true"/>
	<property name="IsEnemyEntity" value="false"/>
	
	<property name="SoundRandom" value="Animals/Boar/boarroam"/>
	<property name="SoundAlert" value="Animals/Boar/boaralert"/>
	<property name="SoundHurt" value="Animals/Boar/boarpain"/>
	<property name="SoundDeath" value="Animals/Boar/boardeath"/>
	<property name="SoundAttack" value="Animals/Boar/boarattack"/>
	<property name="SoundSense" value="Animals/Boar/boarsense"/>
	<property name="SoundGiveUp" value="Animals/Boar/boargiveup"/>

	<!-- Gameplay -->
	<property name="PainResistPerHit" value=".75"/>
	<property name="MoveSpeed" value="0.2"/>
	<property name="MoveSpeedAggro" value="1.3, 1.3"/>
	<property name="MoveSpeedPanic" value="1.6"/>
	<property name="WanderSpeed" value="0.8"/>
	<property name="PanicSpeed" value="2.0"/>
	<property name="ApproachSpeed" value="1.3"/>
	<property name="NightWanderSpeed" value="0.8"/>
	<property name="NightApproachSpeed" value="1.3"/>
	<property name="SwimSpeed" value="1.2"/>
	<property name="SwimStrokeRate" value="1.6,1.7"/>

	<property name="HandItem" value="meleeHandAnimalPorkyPig"/>
	
	<drop event="Harvest" name="foodRawMeat" count="0" tool_category="Butcher"/>
	<drop event="Harvest" name="foodRawMeat" tag="butcherHarvest" count="30"/> <!-- animalBoar -->
	<drop event="Harvest" name="resourceLeather" tag="butcherHarvest" count="7"/>
	<drop event="Harvest" name="resourceAnimalFat" count="4" tag="butcherHarvest"/>
	<drop event="Harvest" name="resourceBone" tag="butcherHarvest" count="15"/>
	<drop event="Harvest" name="resourceBone" tag="allToolsHarvest" count="5"/>
	<drop event="Harvest" name="foodRawMeat" count="1" tag="WasteTreasuresCompleteHarvest"/>
	<drop event="Harvest" name="resourceLeather" count="1" tag="WasteTreasuresCompleteHarvest"/>
	<drop event="Harvest" name="resourceBone" count="1" tag="WasteTreasuresCompleteHarvest"/>

	<effect_group name="Base Effects">
		<passive_effect name="HealthMax" operation="base_set" value="150"/>
		<passive_effect name="HealthMax" operation="perc_add" value="0"/> <!-- Animal HP scale -->
	</effect_group>
	<property name="NavObject" value="animaltracking_porkypig" />
</entity_class>
</insertAfter>
<insertAfter xpath="/entity_classes/entity_class[@name='porkyPig']" >
<entity_class name="missPiggy" extends="porkyPig">
	<property name="Tags" value="entity,animal,boar,perkAT03,boss"/>
	<property name="MapIcon" value="ui_game_symbol_tracking_pig"/>
	<property name="TrackerIcon" value="ui_game_symbol_tracking_pig"/>
	<property name="IsEnemyEntity" value="false"/><!-- override hostile template setting so she can spawn in safe zones -->
	<property name="ReplaceMaterial0" value="Entities/Animals/Boar/Materials/GRACE"/>
	<property name="ReplaceMaterial1" value="Entities/Animals/Boar/Materials/GRACE"/>
	<!--<property name="ParticleOnSpawn" value="ParticleEffects/RadiatedParticlesOnMesh" param1="SetShapeToMesh0"/>-->
	<property name="Mass" value="1200"/>
	<property name="Prefab" value="/Entities/Animals/Boar/AnimalBossGrace"/>
	<property name="Mesh" value=""/>
	<property name="SoundRandom" value="Animals/Boar/boarroam"/>
	<property name="SoundAlert" value="Animals/Boar/boaralert"/>
	<property name="SoundHurt" value="Animals/Boar/boarpain"/>
	<property name="SoundDeath" value="Animals/Boar/boardeath"/>
	<property name="SoundAttack" value="Animals/Boar/boarattack"/>
	<property name="SoundSense" value="Animals/Boar/boarsense"/>
	<property name="SoundGiveUp" value="Animals/Boar/boargiveup"/>
	<!-- Gameplay -->
	<property name="PainResistPerHit" value=".9"/>
	<property name="MoveSpeed" value=".15"/>
	<property name="MoveSpeedAggro" value=".7, .75"/>
	<property name="MoveSpeedPanic" value="1.1"/>
	<property name="WanderSpeed" value="1"/>
	<property name="PanicSpeed" value="2.5"/>
	<property name="ApproachSpeed" value="1.5"/>
	<property name="NightWanderSpeed" value="0.6"/>
	<property name="NightApproachSpeed" value="1.5"/>
	<property name="SwimSpeed" value="1.2"/>
	<property name="SwimStrokeRate" value="1.6,1.7"/>

	<property name="HandItem" value="meleeHandAnimalMissPiggy"/>

	<property name="ExperienceGain" value="1200"/> <!-- XP strong -->
	<drop event="Harvest" name="foodRawMeat" count="0" tool_category="Butcher"/>
	<drop event="Harvest" name="foodRawMeat" tag="butcherHarvest" count="100"/> <!-- animalBoar -->
	<drop event="Harvest" name="resourceLeather" tag="butcherHarvest" count="70"/>
	<drop event="Harvest" name="resourceAnimalFat" tag="butcherHarvest" count="20"/>
	<drop event="Harvest" name="resourceBone" tag="butcherHarvest" count="50"/>
	<drop event="Harvest" name="resourceBone" tag="butcherHarvest" count="10"/>
	<drop event="Harvest" name="foodRawMeat" count="1" tag="WasteTreasuresCompleteHarvest"/>
	<drop event="Harvest" name="resourceLeather" count="1" tag="WasteTreasuresCompleteHarvest"/>
	<drop event="Harvest" name="resourceBone" count="1" tag="WasteTreasuresCompleteHarvest"/>
	
	<effect_group name="Base Effects">
		<passive_effect name="HealthMax" operation="base_set" value="300"/>
		<passive_effect name="HealthMax" operation="perc_add" value="0"/> <!-- Animal HP scale -->
		<passive_effect name="EntityDamage" operation="perc_add" value="1"/> <!-- Feral damage -->
	</effect_group>
<property name="NavObject" value="animaltracking_misspiggy" />
</entity_class>
</insertAfter>
</stallionsden>