<stallionsden>
	<!-- update the overall backpack size -->
    <set xpath="/windows/window[@name='windowBackpack']/@width">1403</set>
    <set xpath="/windows/window[@name='windowBackpack']/@height">816</set>
    
    <!-- increase the panel size -->
    <set xpath="/windows/window[@name='windowBackpack']/panel[@name='content']/@height">703</set>
    
    <!-- adjust the rows, heights, and their cell equivalent -->
    <set xpath="/windows/window[@name='windowBackpack']/panel[@name='content']/grid[@name='inventory']/@rows">15</set>
    <set xpath="/windows/window[@name='windowBackpack']/panel[@name='content']/grid[@name='inventory']/@cols">25</set>
    <set xpath="/windows/window[@name='windowBackpack']/panel[@name='content']/grid[@name='inventory']/@cell_height">65</set>
    <set xpath="/windows/window[@name='windowBackpack']/panel[@name='content']/grid[@name='inventory']/@cell_width">65</set>
    <set xpath="/windows/window[@name='windowBackpack']/panel[@name='content']/sprite[@name='backgroundMain']/@width">1630</set>
    <set xpath="/windows/window[@name='windowBackpack']/panel[@name='content']/sprite[@name='backgroundMain']/@height">980</set>
	
	<append xpath="/windows/window[@name='windowBackpack']">
	<rect pos="303,0" width="300" controller="ContainerStandardControls">
				<button depth="3" name="btnClearInventory" sprite="ui_game_symbol_trash" tooltip_key="lblClearInventory" pos="200, -22" style="icon32px, press, hover" pivot="center" sound="[paging_click]" visible="{creativewindowopen}" />

				<button depth="3" name="btnSort"           sprite="ui_game_symbol_sort"  tooltip_key="lblSortContainer"  pos="0, -22" style="icon32px, press, hover" pivot="center" sound="[paging_click]" />
				
				<rect pos="0, 0" visible="{lootingorvehiclestorage}">
					<button   depth="3" name="btnMoveAll"          sprite="ui_game_symbol_store_all_down"     tooltip_key="lblStashAll"             pos="80, -22" style="icon32px, press, hover" pivot="center" sound="[paging_click]" />
					<button   depth="3" name="btnMoveFillAndSmart" sprite="ui_game_symbol_store_similar_down" tooltip_key="lblStashFillAndSmart" pos="40, -22" style="icon32px, press, hover" pivot="center" sound="[paging_click]" />
			</rect>
			</rect>
	</append>
	
	<!-- adjust windowlooting to match the size of the new player dropped backpack container -->
    <set xpath="/windows/window[@name='windowLooting']/rect[@name='content']/grid[@name='queue']/@rows">15</set>
    <set xpath="/windows/window[@name='windowLooting']/rect[@name='content']/grid[@name='queue']/@cols">25</set>

	
	<remove xpath="/windows/window[@name='windowFuel']" />
	
	<remove xpath="/windows/window[@name='windowCraftingQueue']" />
	 <remove xpath="/windows/window[@name='windowToolsForge']"/>
<remove xpath="/windows/window[@name='windowForgeInput']"/>
<remove xpath="/windows/window[@name='windowOutput']"/>
<insertAfter xpath="/windows/window[@name='windowBackpack']" >
	<window name="windowToolsForge" width="228" height="121" panel="Left" cursor_area="true" >
	<!--#$-IGS END.-$#-->
		<panel style="header.panel" pos="400,1400" >
			<sprite style="header.icon" sprite="ui_game_symbol_wrench"/>
			<label style="header.name" text="TOOLS" text_key="xuiTools" />
		</panel>

		<rect name="content" depth="0" pos="400,1350" height="75" disablefallthrough="true">

			<grid name="inventory" rows="1" cols="3" pos="3,-3" cell_width="75" cell_height="75" controller="WorkstationToolGrid" repeat_content="true" allow_sort_order="false"
			required_tools="toolAnvil,toolForgeCrucible,toolBellows" required_tools_only="true">
				<required_item_stack name="0"/>
			</grid>
		</rect>

	</window>
</insertAfter>	
<insertAfter xpath="/windows/window[@name='windowToolsCampfire']" >
<window name="windowFuel" width="228" height="166" panel="Left" cursor_area="true">
	<!--#$-IGS END.-$#-->
		<panel style="header.panel" pos="400,1400" >
			<sprite style="header.icon" sprite="ui_game_symbol_fire"/>
			<label style="header.name" text="FUEL" text_key="xuiFuel" />
			<label style="header.timer"/>
		</panel>

		<rect name="content" depth="0" pos="400,1350" height="79" >
			<rect disablefallthrough="true">
				<grid rows="1" cols="3" pos="3,-3" cell_width="75" cell_height="75" controller="WorkstationFuelGrid" repeat_content="true" allow_sort_order="false">
					<item_stack name="0"/>
				</grid>
			</rect>
			<grid name="slot_preview" depth="1" rows="1" cols="3" pos="3,-3" cell_width="75" cell_height="75" controller="SlotPreview">
				<rect>
					<sprite name="slot" depth="2" width="64" height="64" sprite="resourceWood" atlas="ItemIconAtlasGreyscale" pos="35,-35" pivot="center" foregroundlayer="true"/>
				</rect>
				<rect>
					<sprite name="slot" depth="2" width="64" height="64" sprite="resourceWood" atlas="ItemIconAtlasGreyscale" pos="35,-35" pivot="center" foregroundlayer="true"/>
				</rect>
				<rect>
					<sprite name="slot" depth="2" width="64" height="64" sprite="resourceWood" atlas="ItemIconAtlasGreyscale" pos="35,-35" pivot="center" foregroundlayer="true"/>
				</rect>
			</grid>
		</rect>

		<panel name="buttonContent" depth="5" pos="400,1270" height="40" backgroundcolor="[black]" bordercolor="[black]">
			<sprite depth="5" name="backgroundMain" sprite="menu_empty3px" color="[black]" type="sliced" fillcenter="false" />
			<rect depth="1" pos="3,-3" width="225" height="34">
				<button name="button" sprite="menu_empty" defaultcolor="[mediumGrey]" disabledcolor="[mediumGrey]" hoversprite="ui_game_select_row" hovercolor="[white]" type="sliced" width="222"  hoverscale="1.0" />
				<sprite depth="2" name="flameIcon" style="icon32px" pos="5,0" sprite="ui_game_symbol_fire" />
				<label depth="2" name="onoff" pos="0,-6" justify="center" text="TURN ON" text_key="xuiTurnOn" font_size="26" />
			</rect>
		</panel>
	</window>
</insertAfter>
<insertAfter xpath="/windows/window[@name='windowFuel']" >
<window name="windowInput" width="228" height="152" anchor="CenterTop" panel="Right" cursor_area="true">
	<!--#$-IGS END.-$#-->
		<panel style="header.panel">
			<sprite style="header.icon" sprite="ui_game_symbol_campfire"/>
			<label style="header.name" text="INPUT" text_key="xuiInput" />
		</panel>

		<rect depth="0" pos="0,-46" on_press="true">

			<grid rows="2" cols="3" pos="3,-3" cell_width="75" cell_height="75" controller="WorkstationInputGrid" repeat_content="true">
				<item_stack name="0"/>
			</grid>
		</rect>
	</window>
</insertAfter>
<insertAfter xpath="/windows/window[@name='windowInput']" >
	<window name="windowForgeInput" width="228" height="279" panel="Left"
		controller="WorkstationMaterialInputWindow" materials_accepted="iron,brass,lead,glass,stone,clay,copper,zinc" valid_materials_color="[green]" invalid_materials_color="[red]" cursor_area="true" >
	
		<panel style="header.panel" pos="400,1400">
			<sprite style="header.icon" sprite="ui_game_symbol_forge"/>
			<label style="header.name" text="INPUT" text_key="xuiSmelting" />
		</panel>

		<sprite depth="2" name="backgroundMain" sprite="menu_empty3px" pos="400,1400" height="273" color="[black]" type="sliced" fillcenter="false" on_press="true" />
		<rect name="content" depth="1" pos="400,1358" height="223">

			<grid depth="7" rows="3" cols="1" pos="3,-3" cell_width="75" cell_height="75" controller="WorkstationMaterialInputGrid" repeat_content="true">
				<item_stack name="0"/>
			</grid>

		</rect>

		<rect name="content2" depth="0" pos="474,1356" width="147" height="223">
			<sprite depth="1" color="[mediumGrey]" type="sliced" on_press="true"/>
			<grid rows="8" cols="1" pos="3,-3" cell_width="147" cell_height="28"  repeat_content="true">
				<forge_material name="0"/>
			</grid>
		</rect>
	</window>
</insertAfter>
<insertAfter xpath="/windows/window[@name='windowForgeInput']" >
	<window name="windowOutput" width="228" height="198" anchor="CenterTop" panel="Left" cursor_area="true" >
	
		<panel style="header.panel" pos="400,1209">
			<sprite style="header.icon" sprite="ui_game_symbol_loot_sack"/>
			<label style="header.name" text="OUTPUT" text_key="xuiOutput" />
		</panel>


		<rect name="content" depth="0" pos="400,1165" height="150" disablefallthrough="true" on_press="true">
			<sprite depth="2" name="backgroundMain" sprite="menu_empty3px" height="150" color="[black]" type="sliced" fillcenter="false" on_press="true" />
				<grid name="inventory" rows="12" cols="5" pos="3,-3" cell_width="75" cell_height="75" controller="WorkstationOutputGrid" repeat_content="true">
					<item_stack name="0"/>
				</grid>
		</rect>
	</window>
</insertAfter>
<insertAfter xpath="/windows/window[@name='windowOutput']" >
	<window name="stallionsdensCementMixerOutput" width="228" height="198" anchor="CenterTop" panel="Left" cursor_area="true" >
	
		<panel style="header.panel" pos="400,1009">
			<sprite style="header.icon" sprite="ui_game_symbol_loot_sack"/>
			<label style="header.name" text="OUTPUT" text_key="xuiOutput" />
		</panel>


		<rect name="content" depth="0" pos="400,965" height="150" disablefallthrough="true" on_press="true">
			<sprite depth="2" name="backgroundMain" sprite="menu_empty3px" height="150" color="[black]" type="sliced" fillcenter="false" on_press="true" />
				<grid name="inventory" rows="12" cols="5" pos="3,-3" cell_width="75" cell_height="75" controller="WorkstationOutputGrid" repeat_content="true">
					<item_stack name="0"/>
				</grid>
		</rect>
	</window>
</insertAfter>
<insertAfter xpath="/windows/window[@name='windowForgeInput']" >
	<window name="stallionsdensChemistryStationOutput" width="228" height="198" anchor="CenterTop" panel="Left" cursor_area="true" >
	
		<panel style="header.panel" pos="400,1009">
			<sprite style="header.icon" sprite="ui_game_symbol_loot_sack"/>
			<label style="header.name" text="OUTPUT" text_key="xuiOutput" />
		</panel>


		<rect name="content" depth="0" pos="400,965" height="150" disablefallthrough="true" on_press="true">
			<sprite depth="2" name="backgroundMain" sprite="menu_empty3px" height="150" color="[black]" type="sliced" fillcenter="false" on_press="true" />
				<grid name="inventory" rows="12" cols="5" pos="3,-3" cell_width="75" cell_height="75" controller="WorkstationOutputGrid" repeat_content="true">
					<item_stack name="0"/>
				</grid>
		</rect>
	</window>
</insertAfter>
<insertAfter xpath="/windows/window[@name='windowCraftingList']" >
<window name="windowCraftingQueue" width="1203" height="605" panel="Left" cursor_area="true" >
			<rect depth="0" pos="875,714" width="378" controller="CraftingQueue">
				<grid name="queue" rows="20" cols="5" pos="-40,-2" cell_width="75" cell_height="75" repeat_content="true">
					<recipe_stack name="0"/>
				</grid>
			</rect>
		</window>
</insertAfter>
<remove xpath="/windows/window[@name='ActiveBuffsWindow']" />
<remove xpath="/windows/window[@name='buffInfoPanel']" />
<insertAfter xpath="/windows/window[@name='PlayerStatsWindow']" >
<!--#$-IGS BEGIN: Adding cursor area. -$#-->
	<window name="ActiveBuffsWindow" Controller="ActiveBuffWindow" width="320" height="725" panel="Right" cursor_area="true" >
	<!--#$-IGS END.-$#-->
		<panel name="header" height="43" depth="1" pos="350,-46" backgroundspritename="ui_game_panel_header">
			<sprite depth="2" name="windowIcon" style="icon32px" pos="5,-5" sprite="ui_game_symbol_medical"/>
			<label depth="2" name="characterName" pos="42,-6" width="250" height="32" text="STATUS EFFECTS" text_key="xuiStatusEffects" font_size="32"/>
		</panel>

		<panel name="content" depth="0" pos="350,-46" disableautobackground="true">
			<rect height="43">
				<sprite depth="8" name="backgroundMain" pos="0,0" sprite="menu_empty3px" color="[black]" type="sliced" fillcenter="false" />
				<sprite color="[mediumGrey]" type="sliced" />
				<panel pos="215,0" height="43" disableautobackground="true">
					<button depth="4" name="pageDown" style="icon30px, press" pos="20,-22" sprite="ui_game_symbol_arrow_left" pivot="center" sound="[paging_click]" />
					<rect depth="4" pos="37,-7" >
						<sprite name="background" style="icon30px" color="[black]" type="sliced" />
						<label depth="5" name="pageNumber" pos="0, -3" width="30" height="28" text="1" font_size="26" justify="center"/>
					</rect>
					<button depth="4" name="pageUp" style="icon30px, press" pos="84,-22" sprite="ui_game_symbol_arrow_right" pivot="center" sound="[paging_click]" />
				</panel>
			</rect>
			<grid name="buffs" rows="15" cols="1" pos="3,-43" cell_width="314" cell_height="45" repeat_content="true" controller="ActiveBuffList">
				<active_buff_entry />
			</grid>
		</panel>
	</window>

	<window name="buffInfoPanel" width="603" height="392" controller="BuffInfoWindow" anchor="CenterTop" panel="Center">
		<panel name="header" height="43" depth="1" pos="350,-46" backgroundspritename="ui_game_panel_header">
			<sprite depth="2" name="windowIcon" style="icon32px" pos="4,-5" sprite="{bufficon|once}"/>
			<label style="header.name" text="{buffname|once}" upper_case="true" />
		</panel>

		<rect name="contentBuffInfo" height="346" depth="1" pos="350,-46">
			<rect>
				<sprite depth="5" name="backgroundMain" sprite="menu_empty3px" width="603" height="346" color="[black]" type="sliced" fillcenter="false" />
				<sprite depth="1" name="background" color="[black]" type="sliced" visible="false" sprite="menu_empty3px" fillcenter="false" />
				<sprite depth="8" name="backgroundMain" sprite="menu_empty3px" pos="0,0" width="153" height="153" color="[black]" type="sliced" fillcenter="false" />
				<sprite depth="1" pos="2,-3" name="preview" width="150" height="148" color="[darkGrey]" type="sliced"/>
				<sprite depth="3" name="itemPreview" width="100" height="100" sprite="{bufficon|once}" color="{buffcolor}" pos="27,-27" foregroundlayer="true"/>

				<sprite depth="8" name="backgroundMain" sprite="menu_empty3px" pos="0,-150" width="153" height="196" color="[black]" type="sliced" fillcenter="false" />
				<grid name="itemActions" rows="4" cols="1" pos="3,-153" width="148" height="100%" cell_width="147" cell_height="42" controller="ItemActionList" repeat_content="true">
					<item_action_entry />
				</grid>

				<sprite depth="3" name="fillerBackground" pos="3,-321" height="22" width="147" color="[mediumGrey]" type="sliced"/>

				<!-- <rect depth="2" name="searchControls" width="447" height="43" pos="153,0"> -->
					<!-- <sprite depth="1" color="[mediumGrey]" type="sliced" globalopacity="true" /> -->
					<!-- <button depth="4" name="descriptionButton" style="icon30px, press" pos="22,-22" sprite="ui_game_symbol_book" pivot="center" tooltip="Description" sound="[paging_click]" selected="true" /> -->
					<!-- <button depth="4" name="statButton" style="icon30px, press" pos="65,-22" sprite="ui_game_symbol_ping" pivot="center" tooltip="Stats" sound="[paging_click]" /> -->


					<!-- <panel pos="340,0" width="104" height="43" disableautobackground="true"> -->
						<!-- <button depth="4" name="pageDown" style="icon30px, press" pos="20,-22" sprite="ui_game_symbol_arrow_left" pivot="center" sound="[paging_click]"/> -->
						<!-- <rect depth="4" name="background" pos="37,-7"> -->
							<!-- <sprite name="background" style="icon30px" color="[black]" type="sliced" /> -->
							<!-- <label depth="5" name="pageNumber" pos="0, -3" width="30" height="28" text="1" font_size="26" justify="center"/> -->
						<!-- </rect> -->
						<!-- <button depth="4" name="pageUp" style="icon30px, press" pos="84,-22" sprite="ui_game_symbol_arrow_right" pivot="center" sound="[paging_click]"/> -->
					<!-- </panel> -->
				<!-- </rect> -->

				<rect depth="1" pos="153,0" name="description" width="448" height="346">
				<sprite depth="1" color="[darkGrey]" type="sliced" globalopacity="true" />
				<sprite depth="3" name="backgroundMain" sprite="menu_empty3px" pos="-3,0" width="453" height="346" color="[black]" type="sliced" fillcenter="false" />
				<!-- <rect depth="3" visible="{showstats}"> -->
					<!-- <grid name="itemProperties" rows="7" pos="6,-12" width="453" height="100%" cell_width="226" cell_height="27" arrangement="vertical" controller="BuffPropertyList"> -->
						<!-- <buff_property_entry/> -->
						<!-- <buff_property_entry/> -->
						<!-- <buff_property_entry/> -->
						<!-- <buff_property_entry/> -->
						<!-- <buff_property_entry/> -->
						<!-- <buff_property_entry/> -->
						<!-- <buff_property_entry/> -->

						<!-- <buff_property_entry/> -->
						<!-- <buff_property_entry/> -->
						<!-- <buff_property_entry/> -->
						<!-- <buff_property_entry/> -->
						<!-- <buff_property_entry/> -->
						<!-- <buff_property_entry/> -->
						<!-- <buff_property_entry/> -->
					<!-- </grid> -->
				<!-- </rect> -->

				<rect visible="{showdescription}">
					<sprite depth="1" color="[darkGrey]" type="sliced" globalopacity="true" />
					<label depth="3" name="descriptionText" pos="6,-5" text="{buffdescription|once}"  width="440" />
				</rect>
				<!--label depth="3" name="statText" pos="6,-2" width="254" height="100%" text="{itemstats1}" />
				<label depth="3" name="statText2" pos="227,-2" width="220" height="100%" text="{itemstats2}" /> -->
			</rect>

				<!-- <rect depth="1" pos="153,-3" name="description" width="447" height="160"> -->
					<!-- <sprite depth="3" name="backgroundMain" sprite="menu_empty3px" pos="-3,3" width="453" height="166" color="[black]" type="sliced" fillcenter="false" /> -->
					<!-- <sprite depth="1" color="[mediumGrey]" type="sliced" globalopacity="true" /> -->
					<!-- <label depth="3" name="statText" pos="5,-6" width="443" text="{buffstats}"/> -->
				<!-- </rect> -->

				<!-- <rect depth="2" pos="153,-165" name="description" width="447" height="104"> -->
					<!-- <sprite depth="1" color="[darkGrey]" type="sliced" globalopacity="true" /> -->
					<!-- <label depth="3" name="descriptionText" pos="6,-5" text="{buffdescription|once}" width="440"/> -->
				<!-- </rect> -->

				<!-- <grid rows="1" cols="6" pos="153,-271" cell_width="75" cell_height="75" repeat_content="true" controller="BuffItemList" > -->
					<!-- <buff_item name="0"/> -->
				<!-- </grid> -->

			</rect>
		</rect>
	</window>
	</insertAfter>
</stallionsden>