<Stallionsden>
<append xpath="/recipes">
<recipe name="ammoBundle9mmBulletBall" count="1" craft_area="workbench">
	<ingredient name="ammo9mmBulletBall" count="100"/>
	<ingredient name="resourceForgedSteel" count="1"/>
</recipe>

<recipe name="ammoBundle9mmBulletHP" count="1" craft_area="workbench">
	<ingredient name="ammo9mmBulletHP" count="100"/>
	<ingredient name="resourceForgedSteel" count="1"/>
</recipe>

<recipe name="ammoBundle9mmBulletAP" count="1" craft_area="workbench">
	<ingredient name="ammo9mmBulletAP" count="100"/>
	<ingredient name="resourceForgedSteel" count="1"/>
</recipe>

<recipe name="ammoBundle44MagnumBulletBall" count="1" craft_area="workbench">
	<ingredient name="ammo44MagnumBulletBall" count="100"/>
	<ingredient name="resourceForgedSteel" count="1"/>
</recipe>

<recipe name="ammoBundle44MagnumBulletHP" count="1" craft_area="workbench">
	<ingredient name="ammo44MagnumBulletHP" count="100"/>
	<ingredient name="resourceForgedSteel" count="1"/>
</recipe>

<recipe name="ammoBundle44MagnumBulletAP" count="1" craft_area="workbench">
	<ingredient name="ammo44MagnumBulletAP" count="100"/>
	<ingredient name="resourceForgedSteel" count="1"/>
</recipe>

<recipe name="ammoBundle762mmBulletBall" count="1" craft_area="workbench">
	<ingredient name="ammo762mmBulletBall" count="100"/>
	<ingredient name="resourceForgedSteel" count="1"/>
</recipe>

<recipe name="ammoBundle762mmBulletHP" count="1" craft_area="workbench">
	<ingredient name="ammo762mmBulletHP" count="100"/>
	<ingredient name="resourceForgedSteel" count="1"/>
</recipe>

<recipe name="ammoBundle762mmBulletAP" count="1" craft_area="workbench">
	<ingredient name="ammo762mmBulletAP" count="100"/>
	<ingredient name="resourceForgedSteel" count="1"/>
</recipe>

<recipe name="ammoBundleShotgunShell" count="1" craft_area="workbench">
	<ingredient name="ammoShotgunShell" count="100"/>
	<ingredient name="resourceForgedSteel" count="1"/>
</recipe>

<recipe name="ammoBundleShotgunSlug" count="1" craft_area="workbench">
	<ingredient name="ammoShotgunSlug" count="100"/>
	<ingredient name="resourceForgedSteel" count="1"/>
</recipe>

<recipe name="ammoBundleShotgunBreachingSlug" count="1" craft_area="workbench">
	<ingredient name="ammoShotgunBreachingSlug" count="100"/>
	<ingredient name="resourceForgedSteel" count="1"/>
</recipe>

<recipe name="ammoBundleBlunderbuss" count="1" craft_area="workbench">
	<ingredient name="ammoBlunderbuss" count="100"/>
	<ingredient name="resourceForgedSteel" count="1"/>
</recipe>

<recipe name="ammoBundleJunkTurretRegular" count="1" craft_area="workbench">
	<ingredient name="ammoJunkTurretRegular" count="100"/>
	<ingredient name="resourceForgedSteel" count="1"/>
</recipe>

<recipe name="ammoBundleJunkTurretShell" count="1" craft_area="workbench">
	<ingredient name="ammoJunkTurretShell" count="100"/>
	<ingredient name="resourceForgedSteel" count="1"/>
</recipe>

<recipe name="ammoBundleJunkTurretAP" count="1" craft_area="workbench">
	<ingredient name="ammoJunkTurretAP" count="100"/>
	<ingredient name="resourceForgedSteel" count="1"/>
</recipe>

<recipe name="ammoBundleRocketHE" count="1" craft_area="workbench">
	<ingredient name="ammoRocketHE" count="100"/>
	<ingredient name="resourceForgedSteel" count="1"/>
</recipe>

<recipe name="ammoBundleRocketFrag" count="1" craft_area="workbench">
	<ingredient name="ammoRocketFrag" count="100"/>
	<ingredient name="resourceForgedSteel" count="1"/>
</recipe>

<recipe name="ammoBundleGasCan" count="1" craft_area="workbench">
	<ingredient name="ammoGasCan" count="10000"/>
	<ingredient name="resourceScrapPolymers" count="1"/>
</recipe>

<recipe name="ammoBundleArrowStone" count="1" craft_area="workbench">
	<ingredient name="ammoArrowStone" count="100"/>
	<ingredient name="resourceSewingKit" count="1"/>
	<ingredient name="resourceLeather" count="1"/>
</recipe>

<recipe name="ammoBundleArrowIron" count="1" craft_area="workbench">
	<ingredient name="ammoArrowIron" count="100"/>
	<ingredient name="resourceSewingKit" count="1"/>
	<ingredient name="resourceLeather" count="1"/>
</recipe>

<recipe name="ammoBundleArrowSteelAP" count="1" craft_area="workbench">
	<ingredient name="ammoArrowSteelAP" count="100"/>
	<ingredient name="resourceSewingKit" count="1"/>
	<ingredient name="resourceLeather" count="1"/>
</recipe>

<recipe name="ammoBundleArrowFlaming" count="1" craft_area="workbench">
	<ingredient name="ammoArrowFlaming" count="100"/>
	<ingredient name="resourceSewingKit" count="1"/>
	<ingredient name="resourceLeather" count="1"/>
</recipe>

<recipe name="ammoBundleArrowExploding" count="1" craft_area="workbench">
	<ingredient name="ammoArrowExploding" count="75"/>
	<ingredient name="resourceSewingKit" count="1"/>
	<ingredient name="resourceLeather" count="1"/>
</recipe>

<recipe name="ammoBundleCrossbowBoltStone" count="1" craft_area="workbench">
	<ingredient name="ammoCrossbowBoltStone" count="100"/>
	<ingredient name="resourceSewingKit" count="1"/>
	<ingredient name="resourceLeather" count="1"/>
</recipe>

<recipe name="ammoBundleCrossbowBoltIron" count="1" craft_area="workbench">
	<ingredient name="ammoCrossbowBoltIron" count="100"/>
	<ingredient name="resourceSewingKit" count="1"/>
	<ingredient name="resourceLeather" count="1"/>
</recipe>

<recipe name="ammoBundleCrossbowBoltSteelAP" count="1" craft_area="workbench">
	<ingredient name="ammoCrossbowBoltSteelAP" count="100"/>
	<ingredient name="resourceSewingKit" count="1"/>
	<ingredient name="resourceLeather" count="1"/>
</recipe>

<recipe name="ammoBundleCrossbowBoltFlaming" count="1" craft_area="workbench">
	<ingredient name="ammoCrossbowBoltFlaming" count="100"/>
	<ingredient name="resourceSewingKit" count="1"/>
	<ingredient name="resourceLeather" count="1"/>
</recipe>

<recipe name="ammoBundleCrossbowBoltExploding" count="1" craft_area="workbench">
	<ingredient name="ammoCrossbowBoltExploding" count="75"/>
	<ingredient name="resourceSewingKit" count="1"/>
	<ingredient name="resourceLeather" count="1"/>
</recipe>
</append>
</Stallionsden>