<stallionsden>
<append xpath="/windows">
<!--#$-IGS BEGIN: Adding cursor area. -$#-->
	<window name="windowToolsTheWeber9000" width="228" height="121" panel="Right" cursor_area="true" >
	<!--#$-IGS END.-$#-->
		<panel style="header.panel">
			<sprite style="header.icon" sprite="ui_game_symbol_cookware"/>
			<label style="header.name" text="TOOLS" text_key="xuiTools" />
		</panel>

		<rect name="content" depth="0" pos="0,-46" height="75" disablefallthrough="true">
			<grid name="inventory" rows="1" cols="3" pos="3,-3" cell_width="75" cell_height="75" controller="WorkstationToolGrid" repeat_content="true" allow_sort_order="false" required_tools="toolCookingPot,toolCookingGrill,toolBeaker" required_tools_only="true">
			<required_item_stack name="0"/>
			</grid>
		</rect>
	</window>
</append>

<insertAfter xpath="/windows/window[@name='windowToolsTheWeber9000']" >
<window name="windowWeberFuel" width="228" height="166" panel="Right" cursor_area="true">
	<!--#$-IGS END.-$#-->
		<panel style="header.panel" pos="-0,-56" >
			<sprite style="header.icon" sprite="ui_game_symbol_fire"/>
			<label style="header.name" text="FUEL" text_key="xuiFuel" />
			<label style="header.timer"/>
		</panel>

		<rect name="content" depth="0" pos="-0,-98" height="79" >
			<rect disablefallthrough="true">
				<grid rows="1" cols="3" pos="3,-3" cell_width="75" cell_height="75" controller="WorkstationFuelGrid" repeat_content="true" allow_sort_order="false">
					<item_stack name="0"/>
				</grid>
			</rect>
			<grid name="slot_preview" depth="1" rows="1" cols="3" pos="3,-3" cell_width="75" cell_height="75" controller="SlotPreview">
				<rect>
					<sprite name="slot" depth="2" width="64" height="64" sprite="resourceWood" atlas="ItemIconAtlasGreyscale" pos="35,-35" pivot="center" foregroundlayer="true"/>
				</rect>
				<rect>
					<sprite name="slot" depth="2" width="64" height="64" sprite="resourceWood" atlas="ItemIconAtlasGreyscale" pos="35,-35" pivot="center" foregroundlayer="true"/>
				</rect>
				<rect>
					<sprite name="slot" depth="2" width="64" height="64" sprite="resourceWood" atlas="ItemIconAtlasGreyscale" pos="35,-35" pivot="center" foregroundlayer="true"/>
				</rect>
			</grid>
		</rect>

		<panel name="buttonContent" depth="5" pos="-0,-175" height="40" backgroundcolor="[black]" bordercolor="[black]">
			<sprite depth="5" name="backgroundMain" sprite="menu_empty3px" color="[black]" type="sliced" fillcenter="false" />
			<rect depth="1" pos="3,-3" width="225" height="34">
				<button name="button" sprite="menu_empty" defaultcolor="[mediumGrey]" disabledcolor="[mediumGrey]" hoversprite="ui_game_select_row" hovercolor="[white]" type="sliced" width="222"  hoverscale="1.0" />
				<sprite depth="2" name="flameIcon" style="icon32px" pos="5,0" sprite="ui_game_symbol_fire" />
				<label depth="2" name="onoff" pos="0,-6" justify="center" text="TURN ON" text_key="xuiTurnOn" font_size="26" />
			</rect>
		</panel>
	</window>
	</insertAfter>
	<insertAfter xpath="/windows/window[@name='windowWeberFuel']" >
	<window name="windowWeberOutput" width="228" height="198" anchor="CenterTop" panel="Left" cursor_area="true" >
	
		<panel style="header.panel" pos="-549,1300">
			<sprite style="header.icon" sprite="ui_game_symbol_loot_sack"/>
			<label style="header.name" text="OUTPUT" text_key="xuiOutput" />
		</panel>


		<rect name="content" depth="0" pos="-549,1200" height="150" disablefallthrough="true" on_press="true">
			<sprite depth="2" name="backgroundMain" sprite="menu_empty3px" height="150" color="[black]" type="sliced" fillcenter="false" on_press="true" />
				<grid name="inventory" rows="12" cols="3" pos="3,-3" cell_width="75" cell_height="75" controller="WorkstationOutputGrid" repeat_content="true">
					<item_stack name="0"/>
				</grid>
		</rect>
	</window>
</insertAfter>


</stallionsden>