<stallionsden>
  <!-- just remove it from all items -->
  <remove xpath="/items/item/effect_group/passive_effect[@name='Mobility' and @operation='perc_add']"/>
  <append xpath="/items">
  <item name="superBrush">
	<property name="CreativeMode" value="Dev"/>
	<property name="HoldType" value="1"/>
	<property name="Meshfile" value="Items/Tools/PaintbrushPrefab"/>
	<property name="CustomIcon" value="meleeToolPaintTool"/>
	<property name="Material" value="Mwood"/>
	<property name="DegradationBreaksAfter" value="false"/>
	<property name="Stacknumber" value="1"/>
	<property name="SoundJammed" value="ItemNeedsRepair"/>
	<property name="SoundDestroy" value="wooddestroy1"/>
	<property name="SellableToTrader" value="false"/>
	<property name="CrosshairUpAfterShot" value="false"/>
	<property name="Group" value="Tools/Traps"/>
	<property name="DescriptionKey" value="meleeToolPaintToolDesc"/>
	<property name="PickupJournalEntry" value="paintingTip"/>
	<property class="Action0">
		<property name="Class" value="TextureBlock"/>
		<property name="Hitmask_override" value="Melee"/>
		<property name="Sound_start" value="erase"/>
		<property name="Infinite_ammo" value="true"/>
		<property name="Magazine_items" value="resourcePaint"/>
		<property name="Range" value="50"/>
		<property name="Delay" value="0.04"/>
		<property name="RemoveTexture" value="true"/>
		<property name="DefaultTextureID" value="138"/>
	</property>
	<property class="Action1">
		<property name="Class" value="TextureBlock"/>
		<property name="Hitmask_override" value="Melee"/>
		<property name="Sound_start" value="resourcePaint"/>
		<property name="Infinite_ammo" value="true"/>
		<property name="Magazine_items" value="resourcePaint"/>
		<property name="Range" value="50"/>
		<property name="Delay" value="0.04"/>
		<property name="Particles_muzzle_fire" value="paint_splash2"/>
	</property>
	<effect_group name="Base Effects" tiered="false">
		<passive_effect name="ModSlots" operation="base_set" value="0"/>
		<!--<passive_effect name="RoundsPerMinute" operation="base_set" value="450"/>
		<passive_effect name="RoundRayCount" operation="base_set" value="8"/>-->
		<passive_effect name="BurstRoundCount" operation="base_set" value="1000"/>
		<passive_effect name="SpreadDegreesVertical" operation="base_set" value="0"/>
		<passive_effect name="SpreadDegreesHorizontal" operation="base_set" value="0"/>
		<passive_effect name="SpreadMultiplierAiming" operation="base_set" value="0"/>
		<passive_effect name="SpreadMultiplierHip" operation="base_set" value="0"/>
		<passive_effect name="DegradationPerUse" operation="base_set" value="0"/>
	</effect_group>
</item>
  </append>
</stallionsden>