<stallionsden>

	<append xpath="/lootcontainers">

<!-- LOOTGROUP INSERTION START -->

<!-- The following section adds lootgroup 129 -->

		<lootgroup name="wineBarrel" count="2">  
	<item name="foodHoney" count="1,50" />
	<item name="drinkCanEmpty" count="1,10" />
	<item name="drinkJarPureMineralWater" count="1,10" /> 
	<item group="drinks" count="1,10" />
	<item name="drinkYuccaJuiceSmoothie" count="1,10" />
	<item name="drinkJarBlackStrapCoffee" count="1,10" /> 
	</lootgroup> 

<!-- The following section adds lootgroup 130 -->
		<lootgroup name="wineBarrelSet" count="2">  
	<item name="drinkCanEmpty" count="1,10" />
	<item group="rareFoodDrink" count="1,10" />
	<item group="drinks" count="1,10" />
	<item name="drinkJarBoiledWater" count="1,10" />
	</lootgroup> 

<!-- The following section adds lootgroup 131 -->

		<lootgroup name="wineBarrelPlain" count="2">  
	<item name="drinkJarBeer" count="1,10" />
	<item name="drinkJarGrainAlcohol" count="1,10" />
	<item name="drinkCanEmpty" count="1,10" />	
	<item name="drinkJarRiverWater" count="1,10" />	
	</lootgroup> 

<!-- LOOTGROUP INSERTION END -->


<!-- LOOTCONTAINER INSERTION START -->

	<lootcontainer id="218" count="0,1" size="8,9" sound_open="UseActions/open_toilet" sound_close="UseActions/close_toilet" loot_quality_template="qualPlus1Template">
	<item group="wineBarrel" count="1"/>
</lootcontainer>

<lootcontainer id="219" count="0,1" size="8,9" sound_open="UseActions/open_toilet" sound_close="UseActions/close_toilet" loot_quality_template="qualPlus1Template">
	<item group="wineBarrelSet" count="1"/>
</lootcontainer>

<lootcontainer id="220" count="0,1" size="8,9" sound_open="UseActions/open_toilet" sound_close="UseActions/close_toilet" loot_quality_template="qualPlus1Template">
	<item group="wineBarrelPlain" count="1"/>
</lootcontainer>

<!-- LOOTCONTAINER INSERTION END -->

	</append>

</stallionsden>