<stallionsden>
	<append xpath="/recipes">
		<recipe name="wineBarrel" count="1" craft_area="workbench" >
			<ingredient name="resourceForgedIron" count="10"/>
			<ingredient name="resourceLeather" count="10"/>
			<ingredient name="resourceCloth" count="10"/>
			<ingredient name="resourceInsulator" count="2"/>
			<ingredient name="resourceNail" count="20"/>
		</recipe>
		
		<recipe name="wineBarrelSet" count="1" craft_area="workbench" >
			<ingredient name="resourceForgedIron" count="30"/>
			<ingredient name="resourceLeather" count="30"/>
			<ingredient name="resourceCloth" count="30"/>
			<ingredient name="resourceInsulator" count="6"/>
			<ingredient name="resourceNail" count="60"/>
		</recipe>
	
		<recipe name="wineBarrelPlain" count="1" craft_area="workbench" >
			<ingredient name="resourceForgedIron" count="10"/>
			<ingredient name="resourceLeather" count="10"/>
			<ingredient name="resourceCloth" count="10"/>
			<ingredient name="resourceInsulator" count="1"/>
			<ingredient name="resourceNail" count="10"/>
		</recipe>
		</append>
</stallionsden>